0 0.003767 0.039250 0.01 0.01
0 0.012485 0.032256 0.01 0.01
0 0.022945 0.040125 0.01 0.01
0 0.015100 0.047120 0.01 0.01
0 0.008126 0.056737 0.01 0.01
0 0.006382 0.070727 0.01 0.01
0 0.016843 0.068104 0.01 0.01
0 0.021202 0.072476 0.01 0.01
0 0.025561 0.054989 0.01 0.01
0 0.029919 0.068104 0.01 0.01
0 0.034278 0.046245 0.01 0.01
0 0.042124 0.040999 0.01 0.01
0 0.049969 0.035753 0.01 0.01
0 0.057815 0.047994 0.01 0.01
0 0.058687 0.072476 0.01 0.01
0 0.056071 0.089088 0.01 0.01
0 0.046482 0.074224 0.01 0.01
0 0.046482 0.062858 0.01 0.01
0 0.046482 0.051491 0.01 0.01
0 0.035150 0.092586 0.01 0.01
0 0.036893 0.078596 0.01 0.01
0 0.016843 0.082094 0.01 0.01
0 0.015972 0.095209 0.01 0.01
0 0.010741 0.110947 0.01 0.01
0 0.008998 0.124063 0.01 0.01
0 0.011613 0.141550 0.01 0.01
0 0.018587 0.129309 0.01 0.01
0 0.022945 0.110947 0.01 0.01
0 0.041252 0.117942 0.01 0.01
0 0.053456 0.113570 0.01 0.01
0 0.049969 0.097832 0.01 0.01
0 0.067404 0.060235 0.01 0.01
0 0.072634 0.048868 0.01 0.01
0 0.082223 0.038376 0.01 0.01
0 0.093556 0.035753 0.01 0.01
0 0.102273 0.038376 0.01 0.01
0 0.103145 0.046245 0.01 0.01
0 0.107504 0.055863 0.01 0.01
0 0.086582 0.067230 0.01 0.01
0 0.098786 0.072476 0.01 0.01
0 0.077865 0.081219 0.01 0.01
0 0.080480 0.096083 0.01 0.01
0 0.070891 0.098706 0.01 0.01
0 0.064789 0.111822 0.01 0.01
0 0.076121 0.113570 0.01 0.01
0 0.088326 0.112696 0.01 0.01
0 0.097915 0.110947 0.01 0.01
0 0.104889 0.103078 0.01 0.01
0 0.101402 0.085591 0.01 0.01
0 0.105760 0.076847 0.01 0.01
0 0.112734 0.069853 0.01 0.01
0 0.120580 0.074224 0.01 0.01
0 0.117965 0.046245 0.01 0.01
0 0.128425 0.049743 0.01 0.01
0 0.136271 0.051491 0.01 0.01
0 0.143245 0.036627 0.01 0.01
0 0.140630 0.047120 0.01 0.01
0 0.147604 0.048868 0.01 0.01
0 0.149347 0.058486 0.01 0.01
0 0.150219 0.066355 0.01 0.01
0 0.148475 0.077722 0.01 0.01
0 0.138015 0.096083 0.01 0.01
0 0.127554 0.086465 0.01 0.01
0 0.114478 0.096958 0.01 0.01
0 0.123195 0.102204 0.01 0.01
0 0.130169 0.104827 0.01 0.01
0 0.122323 0.111822 0.01 0.01
0 0.131041 0.117068 0.01 0.01
0 0.142373 0.118816 0.01 0.01
0 0.149347 0.107450 0.01 0.01
0 0.147604 0.100455 0.01 0.01
0 0.148475 0.092586 0.01 0.01
0 0.109247 0.121439 0.01 0.01
0 0.111862 0.128434 0.01 0.01
0 0.091813 0.126686 0.01 0.01
0 0.077865 0.126686 0.01 0.01
0 0.064789 0.131057 0.01 0.01
0 0.059558 0.125811 0.01 0.01
0 0.051713 0.131057 0.01 0.01
0 0.040380 0.132806 0.01 0.01
0 0.031663 0.138927 0.01 0.01
0 0.022945 0.153791 0.01 0.01
0 0.020330 0.166031 0.01 0.01
0 0.010741 0.161660 0.01 0.01
0 0.010741 0.172152 0.01 0.01
0 0.010741 0.180895 0.01 0.01
0 0.042995 0.155539 0.01 0.01
0 0.042124 0.145921 0.01 0.01
0 0.049097 0.145921 0.01 0.01
0 0.070891 0.139801 0.01 0.01
0 0.064789 0.146796 0.01 0.01
0 0.064789 0.153791 0.01 0.01
0 0.081352 0.146796 0.01 0.01
0 0.084839 0.138927 0.01 0.01
0 0.094428 0.143298 0.01 0.01
0 0.100530 0.151167 0.01 0.01
0 0.104889 0.140675 0.01 0.01
0 0.123195 0.139801 0.01 0.01
0 0.117093 0.149419 0.01 0.01
0 0.122323 0.177398 0.01 0.01
0 0.111862 0.173901 0.01 0.01
0 0.100530 0.163408 0.01 0.01
0 0.101402 0.173026 0.01 0.01
0 0.087454 0.166906 0.01 0.01
0 0.083967 0.158162 0.01 0.01
0 0.081352 0.170403 0.01 0.01
0 0.076121 0.173901 0.01 0.01
0 0.070891 0.178272 0.01 0.01
0 0.078736 0.187890 0.01 0.01
0 0.053456 0.173026 0.01 0.01
0 0.025561 0.190513 0.01 0.01
0 0.019458 0.195759 0.01 0.01
0 0.005511 0.192262 0.01 0.01
0 0.031663 0.222864 0.01 0.01
0 0.037765 0.203629 0.01 0.01
0 0.044739 0.204503 0.01 0.01
0 0.046482 0.194011 0.01 0.01
0 0.043867 0.184393 0.01 0.01
0 0.056943 0.200131 0.01 0.01
0 0.057815 0.187890 0.01 0.01
0 0.066532 0.196634 0.01 0.01
0 0.073506 0.201880 0.01 0.01
0 0.063917 0.205377 0.01 0.01
0 0.086582 0.180021 0.01 0.01
0 0.095299 0.187016 0.01 0.01
0 0.094428 0.196634 0.01 0.01
0 0.104889 0.187016 0.01 0.01
0 0.106632 0.180021 0.01 0.01
0 0.061302 0.222864 0.01 0.01
0 0.049969 0.214995 0.01 0.01
0 0.049969 0.228985 0.01 0.01
0 0.017715 0.236854 0.01 0.01
0 0.023817 0.243849 0.01 0.01
0 0.031663 0.242100 0.01 0.01
0 0.010741 0.219367 0.01 0.01
0 0.006382 0.254341 0.01 0.01
0 0.016843 0.255215 0.01 0.01
0 0.027304 0.255215 0.01 0.01
0 0.053456 0.245597 0.01 0.01
0 0.065660 0.242974 0.01 0.01
0 0.073506 0.233357 0.01 0.01
0 0.082223 0.216744 0.01 0.01
0 0.079608 0.209749 0.01 0.01
0 0.091813 0.210623 0.01 0.01
0 0.101402 0.218493 0.01 0.01
0 0.100530 0.228110 0.01 0.01
0 0.089197 0.230734 0.01 0.01
0 0.087454 0.237728 0.01 0.01
0 0.099658 0.245597 0.01 0.01
0 0.115349 0.226362 0.01 0.01
0 0.117093 0.235105 0.01 0.01
0 0.109247 0.238603 0.01 0.01
0 0.107504 0.216744 0.01 0.01
0 0.111862 0.200131 0.01 0.01
0 0.119708 0.194011 0.01 0.01
0 0.133656 0.170403 0.01 0.01
0 0.139758 0.163408 0.01 0.01
0 0.151091 0.154665 0.01 0.01
0 0.142373 0.154665 0.01 0.01
0 0.136271 0.144173 0.01 0.01
0 0.144117 0.145047 0.01 0.01
0 0.141501 0.134555 0.01 0.01
0 0.157193 0.144173 0.01 0.01
0 0.156321 0.131932 0.01 0.01
0 0.152834 0.119691 0.01 0.01
0 0.162423 0.050617 0.01 0.01
0 0.189447 0.038376 0.01 0.01
0 0.175499 0.047120 0.01 0.01
0 0.181601 0.050617 0.01 0.01
0 0.173756 0.060235 0.01 0.01
0 0.162423 0.062858 0.01 0.01
0 0.169397 0.070727 0.01 0.01
0 0.163295 0.075099 0.01 0.01
0 0.205138 0.044496 0.01 0.01
0 0.206882 0.034004 0.01 0.01
0 0.220829 0.034879 0.01 0.01
0 0.212984 0.040999 0.01 0.01
0 0.236521 0.040125 0.01 0.01
0 0.250468 0.043622 0.01 0.01
0 0.243494 0.053240 0.01 0.01
0 0.222573 0.052366 0.01 0.01
0 0.234777 0.058486 0.01 0.01
0 0.215599 0.060235 0.01 0.01
0 0.206882 0.065481 0.01 0.01
0 0.191190 0.064607 0.01 0.01
0 0.188575 0.071601 0.01 0.01
0 0.187703 0.076847 0.01 0.01
0 0.185088 0.083842 0.01 0.01
0 0.175499 0.098706 0.01 0.01
0 0.168525 0.102204 0.01 0.01
0 0.181601 0.090837 0.01 0.01
0 0.187703 0.099581 0.01 0.01
0 0.187703 0.108324 0.01 0.01
0 0.194677 0.112696 0.01 0.01
0 0.198164 0.121439 0.01 0.01
0 0.202523 0.110073 0.01 0.01
0 0.201651 0.102204 0.01 0.01
0 0.199036 0.090837 0.01 0.01
0 0.199036 0.077722 0.01 0.01
0 0.212984 0.081219 0.01 0.01
0 0.221701 0.085591 0.01 0.01
0 0.226060 0.066355 0.01 0.01
0 0.228675 0.071601 0.01 0.01
0 0.231290 0.079471 0.01 0.01
0 0.236521 0.091711 0.01 0.01
0 0.244366 0.073350 0.01 0.01
0 0.247853 0.067230 0.01 0.01
0 0.221701 0.105701 0.01 0.01
0 0.212112 0.117068 0.01 0.01
0 0.190319 0.127560 0.01 0.01
0 0.179858 0.133680 0.01 0.01
0 0.169397 0.138927 0.01 0.01
0 0.037141 0.029414 0.01 0.01
0 0.050653 0.020670 0.01 0.01
0 0.053704 0.009304 0.01 0.01
0 0.046730 0.007118 0.01 0.01
0 0.039321 0.014113 0.01 0.01
0 0.032783 0.006681 0.01 0.01
0 0.012297 0.007555 0.01 0.01
0 0.006195 0.011052 0.01 0.01
0 0.008810 0.019796 0.01 0.01
0 0.010553 0.025042 0.01 0.01
0 0.077677 0.022419 0.01 0.01
0 0.063729 0.015861 0.01 0.01
0 0.070267 0.003183 0.01 0.01
0 0.084651 0.003183 0.01 0.01
0 0.088574 0.007118 0.01 0.01
0 0.101650 0.010615 0.01 0.01
0 0.094240 0.015424 0.01 0.01
0 0.081600 0.012364 0.01 0.01
0 0.098163 0.021982 0.01 0.01
0 0.109495 0.025042 0.01 0.01
0 0.119084 0.014550 0.01 0.01
0 0.125622 0.006681 0.01 0.01
0 0.134776 0.016299 0.01 0.01
0 0.126494 0.027228 0.01 0.01
0 0.141314 0.025916 0.01 0.01
0 0.148723 0.020233 0.01 0.01
0 0.143929 0.012801 0.01 0.01
0 0.163543 0.005369 0.01 0.01
0 0.159620 0.012801 0.01 0.01
0 0.166594 0.017610 0.01 0.01
0 0.176619 0.014987 0.01 0.01
0 0.176183 0.006681 0.01 0.01
0 0.193182 0.005369 0.01 0.01
0 0.187080 0.020233 0.01 0.01
0 0.210617 0.006244 0.01 0.01
0 0.231102 0.010178 0.01 0.01
0 0.206258 0.025916 0.01 0.01
0 0.249409 0.029414 0.01 0.01
0 0.238948 0.031600 0.01 0.01
0 0.252024 0.085372 0.01 0.01
0 0.235897 0.101548 0.01 0.01
0 0.228487 0.110729 0.01 0.01
0 0.221949 0.115975 0.01 0.01
0 0.181849 0.146577 0.01 0.01
0 0.187080 0.140019 0.01 0.01
0 0.175311 0.127341 0.01 0.01
0 0.195361 0.134336 0.01 0.01
0 0.203643 0.131713 0.01 0.01
0 0.213232 0.126904 0.01 0.01
0 0.246794 0.114663 0.01 0.01
0 0.242871 0.109854 0.01 0.01
0 0.253332 0.106357 0.01 0.01
0 0.236333 0.125155 0.01 0.01
0 0.224129 0.133025 0.01 0.01
0 0.202771 0.141331 0.01 0.01
0 0.179670 0.155758 0.01 0.01
0 0.153518 0.165813 0.01 0.01
0 0.146544 0.184611 0.01 0.01
0 0.140006 0.191606 0.01 0.01
0 0.124751 0.203847 0.01 0.01
0 0.136083 0.206033 0.01 0.01
0 0.144801 0.211716 0.01 0.01
0 0.150467 0.220023 0.01 0.01
0 0.138698 0.223083 0.01 0.01
0 0.132160 0.228766 0.01 0.01
0 0.152646 0.203410 0.01 0.01
0 0.158748 0.205596 0.01 0.01
0 0.157005 0.191169 0.01 0.01
0 0.170517 0.188983 0.01 0.01
0 0.177055 0.191606 0.01 0.01
0 0.185772 0.187672 0.01 0.01
0 0.176619 0.180240 0.01 0.01
0 0.183593 0.169310 0.01 0.01
0 0.191874 0.165376 0.01 0.01
0 0.168773 0.163190 0.01 0.01
0 0.170081 0.178054 0.01 0.01
0 0.202335 0.178491 0.01 0.01
0 0.197976 0.169310 0.01 0.01
0 0.198848 0.156632 0.01 0.01
0 0.206258 0.153572 0.01 0.01
0 0.218462 0.146140 0.01 0.01
0 0.230231 0.148326 0.01 0.01
0 0.249845 0.139145 0.01 0.01
0 0.238076 0.136959 0.01 0.01
0 0.249845 0.129090 0.01 0.01
0 0.258126 0.121658 0.01 0.01
0 0.258126 0.134336 0.01 0.01
0 0.248101 0.009304 0.01 0.01
0 0.251152 0.013676 0.01 0.01
0 0.225436 0.022419 0.01 0.01
0 0.267715 0.011052 0.01 0.01
0 0.265972 0.003620 0.01 0.01
0 0.287765 0.001872 0.01 0.01
0 0.286022 0.008429 0.01 0.01
0 0.280355 0.015861 0.01 0.01
0 0.281663 0.024168 0.01 0.01
0 0.280355 0.034223 0.01 0.01
0 0.279484 0.046464 0.01 0.01
0 0.270331 0.046464 0.01 0.01
0 0.269023 0.062202 0.01 0.01
0 0.268587 0.068760 0.01 0.01
0 0.263793 0.071820 0.01 0.01
0 0.267715 0.078815 0.01 0.01
0 0.269895 0.083624 0.01 0.01
0 0.278176 0.091056 0.01 0.01
0 0.284714 0.096302 0.01 0.01
0 0.288637 0.105920 0.01 0.01
0 0.272946 0.101548 0.01 0.01
0 0.269459 0.112040 0.01 0.01
0 0.270331 0.122970 0.01 0.01
0 0.279920 0.122970 0.01 0.01
0 0.287329 0.120784 0.01 0.01
0 0.288201 0.133025 0.01 0.01
0 0.271202 0.135211 0.01 0.01
0 0.302149 0.121658 0.01 0.01
0 0.301713 0.113352 0.01 0.01
0 0.295611 0.102422 0.01 0.01
0 0.294303 0.094116 0.01 0.01
0 0.288201 0.081001 0.01 0.01
0 0.280791 0.078378 0.01 0.01
0 0.281227 0.069197 0.01 0.01
0 0.289073 0.062202 0.01 0.01
0 0.291688 0.044715 0.01 0.01
0 0.294303 0.039032 0.01 0.01
0 0.292124 0.031600 0.01 0.01
0 0.292124 0.022419 0.01 0.01
0 0.301277 0.025479 0.01 0.01
0 0.298226 0.012801 0.01 0.01
0 0.308687 0.013238 0.01 0.01
0 0.314789 0.014113 0.01 0.01
0 0.321327 0.015861 0.01 0.01
0 0.331788 0.008429 0.01 0.01
0 0.331788 0.028540 0.01 0.01
0 0.310430 0.029851 0.01 0.01
0 0.330916 0.056082 0.01 0.01
0 0.325686 0.056519 0.01 0.01
0 0.301277 0.053896 0.01 0.01
0 0.307815 0.062639 0.01 0.01
0 0.303021 0.070508 0.01 0.01
0 0.297354 0.077503 0.01 0.01
0 0.317404 0.071820 0.01 0.01
0 0.307379 0.084498 0.01 0.01
0 0.303456 0.089744 0.01 0.01
0 0.346172 0.011052 0.01 0.01
0 0.337890 0.019796 0.01 0.01
0 0.286458 0.160785 0.01 0.01
0 0.272074 0.157288 0.01 0.01
0 0.281663 0.154228 0.01 0.01
0 0.298662 0.151605 0.01 0.01
0 0.302585 0.139801 0.01 0.01
0 0.310430 0.139801 0.01 0.01
0 0.328301 0.136303 0.01 0.01
0 0.316533 0.118816 0.01 0.01
0 0.330480 0.095209 0.01 0.01
0 0.332224 0.086465 0.01 0.01
0 0.331352 0.068978 0.01 0.01
0 0.261177 0.188765 0.01 0.01
0 0.250281 0.188327 0.01 0.01
0 0.284714 0.179584 0.01 0.01
0 0.289509 0.173901 0.01 0.01
0 0.295611 0.171715 0.01 0.01
0 0.309559 0.162534 0.01 0.01
0 0.314789 0.172152 0.01 0.01
0 0.311302 0.180021 0.01 0.01
0 0.296918 0.189202 0.01 0.01
0 0.276433 0.193136 0.01 0.01
0 0.277740 0.205814 0.01 0.01
0 0.268151 0.206689 0.01 0.01
0 0.247665 0.225487 0.01 0.01
0 0.233718 0.221116 0.01 0.01
0 0.228923 0.214121 0.01 0.01
0 0.211488 0.217181 0.01 0.01
0 0.190567 0.198820 0.01 0.01
0 0.187080 0.204066 0.01 0.01
0 0.203207 0.188327 0.01 0.01
0 0.172260 0.216307 0.01 0.01
0 0.177927 0.225925 0.01 0.01
0 0.181414 0.232045 0.01 0.01
0 0.159620 0.235980 0.01 0.01
0 0.147416 0.251718 0.01 0.01
0 0.144365 0.245597 0.01 0.01
0 0.130417 0.251281 0.01 0.01
0 0.119520 0.255215 0.01 0.01
0 0.128238 0.269205 0.01 0.01
0 0.136083 0.277511 0.01 0.01
0 0.075498 0.268768 0.01 0.01
0 0.085958 0.262210 0.01 0.01
0 0.085523 0.251281 0.01 0.01
0 0.093368 0.252155 0.01 0.01
0 0.057191 0.268768 0.01 0.01
0 0.061114 0.257838 0.01 0.01
0 0.046730 0.260899 0.01 0.01
0 0.030603 0.273140 0.01 0.01
0 0.014912 0.267456 0.01 0.01
0 0.016656 0.276200 0.01 0.01
0 0.201463 0.245597 0.01 0.01
0 0.187080 0.244723 0.01 0.01
0 0.177491 0.244723 0.01 0.01
0 0.194054 0.224176 0.01 0.01
0 0.178362 0.259150 0.01 0.01
0 0.189695 0.258276 0.01 0.01
0 0.206258 0.262210 0.01 0.01
0 0.237205 0.234231 0.01 0.01
0 0.217591 0.241226 0.01 0.01
0 0.213232 0.232919 0.01 0.01
0 0.228487 0.254778 0.01 0.01
0 0.220206 0.253467 0.01 0.01
0 0.242871 0.249095 0.01 0.01
0 0.248973 0.253029 0.01 0.01
0 0.255947 0.235542 0.01 0.01
0 0.262921 0.233357 0.01 0.01
0 0.273382 0.221990 0.01 0.01
0 0.266408 0.218930 0.01 0.01
0 0.292996 0.224613 0.01 0.01
0 0.282099 0.226362 0.01 0.01
0 0.274689 0.237728 0.01 0.01
0 0.267715 0.245597 0.01 0.01
0 0.289945 0.208438 0.01 0.01
0 0.308251 0.197945 0.01 0.01
0 0.327865 0.179584 0.01 0.01
0 0.335275 0.183956 0.01 0.01
0 0.342249 0.172589 0.01 0.01
0 0.333531 0.165594 0.01 0.01
0 0.337454 0.160348 0.01 0.01
0 0.333095 0.148544 0.01 0.01
0 0.332660 0.123188 0.01 0.01
0 0.244178 0.270517 0.01 0.01
0 0.269459 0.270954 0.01 0.01
0 0.279920 0.263085 0.01 0.01
0 0.291252 0.252592 0.01 0.01
0 0.301713 0.247346 0.01 0.01
0 0.305636 0.242537 0.01 0.01
0 0.312610 0.253029 0.01 0.01
0 0.304328 0.257401 0.01 0.01
0 0.293867 0.265708 0.01 0.01
0 0.311302 0.229422 0.01 0.01
0 0.335275 0.232482 0.01 0.01
0 0.328737 0.224613 0.01 0.01
0 0.326993 0.218055 0.01 0.01
0 0.340505 0.221990 0.01 0.01
0 0.347479 0.205377 0.01 0.01
0 0.372324 0.212809 0.01 0.01
0 0.363170 0.232482 0.01 0.01
0 0.367529 0.245597 0.01 0.01
0 0.348787 0.246035 0.01 0.01
0 0.340505 0.249532 0.01 0.01
0 0.329173 0.267019 0.01 0.01
0 0.354453 0.263522 0.01 0.01
0 0.341377 0.271828 0.01 0.01
0 0.379733 0.234231 0.01 0.01
0 0.351402 0.142861 0.01 0.01
0 0.351402 0.129746 0.01 0.01
0 0.346172 0.139364 0.01 0.01
0 0.343992 0.118379 0.01 0.01
0 0.364042 0.124937 0.01 0.01
0 0.354453 0.121877 0.01 0.01
0 0.371888 0.137615 0.01 0.01
0 0.375375 0.146796 0.01 0.01
0 0.364042 0.142861 0.01 0.01
0 0.365786 0.111822 0.01 0.01
0 0.352710 0.106138 0.01 0.01
0 0.348787 0.099143 0.01 0.01
0 0.361427 0.090400 0.01 0.01
0 0.351402 0.085591 0.01 0.01
0 0.349223 0.078596 0.01 0.01
0 0.353145 0.057612 0.01 0.01
0 0.357940 0.031381 0.01 0.01
0 0.370144 0.032256 0.01 0.01
0 0.375268 0.116412 0.01 0.01
0 0.366114 0.100674 0.01 0.01
0 0.373088 0.093242 0.01 0.01
0 0.358705 0.075755 0.01 0.01
0 0.365243 0.052147 0.01 0.01
0 0.363063 0.045589 0.01 0.01
0 0.365678 0.041218 0.01 0.01
0 0.352602 0.021545 0.01 0.01
0 0.356525 0.015861 0.01 0.01
0 0.355218 0.011052 0.01 0.01
0 0.363935 0.011927 0.01 0.01
0 0.422777 0.023293 0.01 0.01
0 0.422777 0.031600 0.01 0.01
0 0.422341 0.050836 0.01 0.01
0 0.398369 0.028540 0.01 0.01
0 0.405778 0.082312 0.01 0.01
0 0.403599 0.072257 0.01 0.01
0 0.389215 0.087558 0.01 0.01
0 0.387036 0.097613 0.01 0.01
0 0.387036 0.110729 0.01 0.01
0 0.403599 0.106794 0.01 0.01
0 0.396625 0.131713 0.01 0.01
0 0.395753 0.123407 0.01 0.01
0 0.385728 0.140894 0.01 0.01
0 0.380934 0.133899 0.01 0.01
0 0.372216 0.182863 0.01 0.01
0 0.418418 0.124281 0.01 0.01
0 0.364371 0.166250 0.01 0.01
0 0.402727 0.158818 0.01 0.01
0 0.434546 0.057830 0.01 0.01
0 0.434110 0.049524 0.01 0.01
0 0.431059 0.043404 0.01 0.01
0 0.433238 0.035097 0.01 0.01
0 0.438468 0.027665 0.01 0.01
0 0.441955 0.017610 0.01 0.01
0 0.443699 0.007118 0.01 0.01
0 0.467236 0.011927 0.01 0.01
0 0.455031 0.022856 0.01 0.01
0 0.461569 0.026791 0.01 0.01
0 0.459390 0.033786 0.01 0.01
0 0.452852 0.039469 0.01 0.01
0 0.451544 0.052584 0.01 0.01
0 0.445442 0.061328 0.01 0.01
0 0.441519 0.079689 0.01 0.01
0 0.438032 0.070946 0.01 0.01
0 0.428879 0.071383 0.01 0.01
0 0.422341 0.066574 0.01 0.01
0 0.472030 0.021108 0.01 0.01
0 0.473774 0.029414 0.01 0.01
0 0.478132 0.017173 0.01 0.01
0 0.488157 0.016299 0.01 0.01
0 0.490772 0.022419 0.01 0.01
0 0.492952 0.031600 0.01 0.01
0 0.504284 0.025479 0.01 0.01
0 0.496439 0.046901 0.01 0.01
0 0.491208 0.042092 0.01 0.01
0 0.485542 0.041655 0.01 0.01
0 0.474209 0.042529 0.01 0.01
0 0.469851 0.049087 0.01 0.01
0 0.463313 0.052147 0.01 0.01
0 0.465492 0.067011 0.01 0.01
0 0.468979 0.062639 0.01 0.01
0 0.486414 0.056956 0.01 0.01
0 0.494259 0.067885 0.01 0.01
0 0.485542 0.077066 0.01 0.01
0 0.462441 0.077066 0.01 0.01
0 0.455031 0.081875 0.01 0.01
0 0.440648 0.100674 0.01 0.01
0 0.426700 0.105045 0.01 0.01
0 0.425828 0.112040 0.01 0.01
0 0.522591 0.018484 0.01 0.01
0 0.531744 0.012801 0.01 0.01
0 0.536103 0.004932 0.01 0.01
0 0.545692 0.007992 0.01 0.01
0 0.547871 0.052584 0.01 0.01
0 0.541769 0.043404 0.01 0.01
0 0.536103 0.035972 0.01 0.01
0 0.515181 0.058268 0.01 0.01
0 0.530872 0.055207 0.01 0.01
0 0.536974 0.064388 0.01 0.01
0 0.531744 0.073569 0.01 0.01
0 0.523463 0.077503 0.01 0.01
0 0.515181 0.084498 0.01 0.01
0 0.511694 0.089307 0.01 0.01
0 0.491208 0.092367 0.01 0.01
0 0.493824 0.101548 0.01 0.01
0 0.498618 0.107231 0.01 0.01
0 0.472466 0.101985 0.01 0.01
0 0.479876 0.113789 0.01 0.01
0 0.491644 0.117286 0.01 0.01
0 0.472466 0.122532 0.01 0.01
0 0.469851 0.116412 0.01 0.01
0 0.483799 0.127341 0.01 0.01
0 0.475953 0.131713 0.01 0.01
0 0.466800 0.131713 0.01 0.01
0 0.441519 0.126467 0.01 0.01
0 0.494695 0.129090 0.01 0.01
0 0.505156 0.130402 0.01 0.01
0 0.504284 0.145703 0.01 0.01
0 0.492080 0.143954 0.01 0.01
0 0.481619 0.144391 0.01 0.01
0 0.455903 0.147451 0.01 0.01
0 0.431059 0.144391 0.01 0.01
0 0.434546 0.162315 0.01 0.01
0 0.435853 0.171059 0.01 0.01
0 0.432802 0.176305 0.01 0.01
0 0.418418 0.177617 0.01 0.01
0 0.434110 0.190295 0.01 0.01
0 0.440648 0.183300 0.01 0.01
0 0.448493 0.176305 0.01 0.01
0 0.455467 0.168873 0.01 0.01
0 0.460698 0.171059 0.01 0.01
0 0.474645 0.169310 0.01 0.01
0 0.469851 0.157069 0.01 0.01
0 0.387036 0.186797 0.01 0.01
0 0.389215 0.196852 0.01 0.01
0 0.393138 0.205596 0.01 0.01
0 0.389215 0.216088 0.01 0.01
0 0.398804 0.220897 0.01 0.01
0 0.405778 0.224832 0.01 0.01
0 0.396625 0.245379 0.01 0.01
0 0.424956 0.229203 0.01 0.01
0 0.422777 0.219148 0.01 0.01
0 0.419290 0.209093 0.01 0.01
0 0.433238 0.211716 0.01 0.01
0 0.454160 0.228766 0.01 0.01
0 0.442391 0.236635 0.01 0.01
0 0.465056 0.243630 0.01 0.01
0 0.460698 0.213902 0.01 0.01
0 0.458082 0.207345 0.01 0.01
0 0.471158 0.206907 0.01 0.01
0 0.472466 0.217400 0.01 0.01
0 0.482927 0.211279 0.01 0.01
0 0.483799 0.195104 0.01 0.01
0 0.483363 0.185049 0.01 0.01
0 0.455467 0.185486 0.01 0.01
0 0.471594 0.186797 0.01 0.01
0 0.469851 0.180240 0.01 0.01
0 0.514745 0.148763 0.01 0.01
0 0.513438 0.166250 0.01 0.01
0 0.488593 0.161004 0.01 0.01
0 0.496003 0.166687 0.01 0.01
0 0.492080 0.176305 0.01 0.01
0 0.501233 0.185923 0.01 0.01
0 0.501233 0.196852 0.01 0.01
0 0.498182 0.205596 0.01 0.01
0 0.496439 0.214777 0.01 0.01
0 0.504284 0.213028 0.01 0.01
0 0.509079 0.230515 0.01 0.01
0 0.479440 0.238384 0.01 0.01
0 0.490772 0.235761 0.01 0.01
0 0.486850 0.225706 0.01 0.01
0 0.515617 0.185923 0.01 0.01
0 0.526514 0.146577 0.01 0.01
0 0.529129 0.140019 0.01 0.01
0 0.522591 0.125155 0.01 0.01
0 0.513873 0.124718 0.01 0.01
0 0.508643 0.116849 0.01 0.01
0 0.510822 0.109854 0.01 0.01
0 0.515617 0.105483 0.01 0.01
0 0.518232 0.100674 0.01 0.01
0 0.521283 0.096739 0.01 0.01
0 0.530872 0.087558 0.01 0.01
0 0.545256 0.066137 0.01 0.01
0 0.556588 0.065700 0.01 0.01
0 0.563562 0.045152 0.01 0.01
0 0.566178 0.053021 0.01 0.01
0 0.551358 0.032911 0.01 0.01
0 0.545692 0.019359 0.01 0.01
0 0.554409 0.022419 0.01 0.01
0 0.566178 0.035534 0.01 0.01
0 0.569665 0.032037 0.01 0.01
0 0.571844 0.023731 0.01 0.01
0 0.564434 0.015861 0.01 0.01
0 0.570972 0.009304 0.01 0.01
0 0.577510 0.015424 0.01 0.01
0 0.585792 0.016299 0.01 0.01
0 0.586663 0.022856 0.01 0.01
0 0.587099 0.035972 0.01 0.01
0 0.579689 0.035972 0.01 0.01
0 0.584484 0.043404 0.01 0.01
0 0.591458 0.056082 0.01 0.01
0 0.587971 0.064825 0.01 0.01
0 0.595817 0.068323 0.01 0.01
0 0.568357 0.067011 0.01 0.01
0 0.576638 0.071383 0.01 0.01
0 0.561819 0.076629 0.01 0.01
0 0.551358 0.081438 0.01 0.01
0 0.541769 0.084061 0.01 0.01
0 0.538282 0.101111 0.01 0.01
0 0.533488 0.120784 0.01 0.01
0 0.545692 0.119909 0.01 0.01
0 0.553537 0.122095 0.01 0.01
0 0.561819 0.122095 0.01 0.01
0 0.570100 0.121221 0.01 0.01
0 0.563998 0.130402 0.01 0.01
0 0.542641 0.131713 0.01 0.01
0 0.551794 0.137834 0.01 0.01
0 0.574895 0.132150 0.01 0.01
0 0.567921 0.142205 0.01 0.01
0 0.560075 0.153572 0.01 0.01
0 0.553973 0.157507 0.01 0.01
0 0.536974 0.171496 0.01 0.01
0 0.551358 0.165813 0.01 0.01
0 0.529129 0.183300 0.01 0.01
0 0.537846 0.186797 0.01 0.01
0 0.546999 0.181114 0.01 0.01
0 0.554409 0.175431 0.01 0.01
0 0.563127 0.173245 0.01 0.01
0 0.564870 0.181114 0.01 0.01
0 0.524334 0.197727 0.01 0.01
0 0.523027 0.204722 0.01 0.01
0 0.526949 0.212154 0.01 0.01
0 0.533052 0.220460 0.01 0.01
0 0.536103 0.228329 0.01 0.01
0 0.540461 0.205159 0.01 0.01
0 0.541333 0.199913 0.01 0.01
0 0.574459 0.183300 0.01 0.01
0 0.571844 0.165813 0.01 0.01
0 0.579689 0.157069 0.01 0.01
0 0.582305 0.146140 0.01 0.01
0 0.595817 0.143517 0.01 0.01
0 0.591894 0.139145 0.01 0.01
0 0.584920 0.125593 0.01 0.01
0 0.585356 0.113789 0.01 0.01
0 0.591022 0.097613 0.01 0.01
0 0.591894 0.087995 0.01 0.01
0 0.608893 0.076192 0.01 0.01
0 0.613687 0.067011 0.01 0.01
0 0.610636 0.058705 0.01 0.01
0 0.614123 0.055207 0.01 0.01
0 0.602355 0.157069 0.01 0.01
0 0.608457 0.151386 0.01 0.01
0 0.612380 0.144828 0.01 0.01
0 0.616302 0.138708 0.01 0.01
0 0.588843 0.158818 0.01 0.01
0 0.586663 0.171496 0.01 0.01
0 0.589279 0.177617 0.01 0.01
0 0.591458 0.185486 0.01 0.01
0 0.559640 0.208656 0.01 0.01
0 0.559640 0.217400 0.01 0.01
0 0.558768 0.223520 0.01 0.01
0 0.558768 0.231826 0.01 0.01
0 0.570972 0.213028 0.01 0.01
0 0.579254 0.222646 0.01 0.01
0 0.580997 0.206470 0.01 0.01
0 0.588843 0.203847 0.01 0.01
0 0.593637 0.213902 0.01 0.01
0 0.586227 0.214777 0.01 0.01
0 0.585356 0.234450 0.01 0.01
0 0.591458 0.238821 0.01 0.01
0 0.613687 0.236198 0.01 0.01
0 0.608021 0.230078 0.01 0.01
0 0.606277 0.221334 0.01 0.01
0 0.610636 0.213465 0.01 0.01
0 0.621533 0.211279 0.01 0.01
0 0.610636 0.174994 0.01 0.01
0 0.606713 0.127779 0.01 0.01
0 0.593637 0.122532 0.01 0.01
0 0.597124 0.115538 0.01 0.01
0 0.596688 0.109854 0.01 0.01
0 0.618482 0.112915 0.01 0.01
0 0.619789 0.075317 0.01 0.01
0 0.499054 0.251499 0.01 0.01
0 0.521283 0.249313 0.01 0.01
0 0.526078 0.244067 0.01 0.01
0 0.534795 0.241444 0.01 0.01
0 0.543077 0.244505 0.01 0.01
0 0.562691 0.247565 0.01 0.01
0 0.603226 0.245816 0.01 0.01
0 0.410986 0.038157 0.01 0.01
0 0.403577 0.034660 0.01 0.01
0 0.394859 0.015424 0.01 0.01
0 0.381347 0.022419 0.01 0.01
0 0.388321 0.021982 0.01 0.01
0 0.385706 0.033348 0.01 0.01
0 0.382655 0.040343 0.01 0.01
0 0.388757 0.048650 0.01 0.01
0 0.392680 0.054333 0.01 0.01
0 0.381783 0.054770 0.01 0.01
0 0.370887 0.050836 0.01 0.01
0 0.362605 0.072694 0.01 0.01
0 0.370015 0.070508 0.01 0.01
0 0.373502 0.076629 0.01 0.01
0 0.381347 0.081001 0.01 0.01
0 0.455009 0.115538 0.01 0.01
0 0.449779 0.105483 0.01 0.01
0 0.605383 0.032037 0.01 0.01
0 0.604512 0.026791 0.01 0.01
0 0.600589 0.010178 0.01 0.01
0 0.587513 0.009741 0.01 0.01
0 0.590564 0.005369 0.01 0.01
0 0.622818 0.002309 0.01 0.01
0 0.624998 0.008429 0.01 0.01
0 0.629356 0.014987 0.01 0.01
0 0.630228 0.021108 0.01 0.01
0 0.627613 0.027228 0.01 0.01
0 0.620203 0.030725 0.01 0.01
0 0.614537 0.019796 0.01 0.01
0 0.615844 0.011927 0.01 0.01
0 0.608435 0.015424 0.01 0.01
0 0.635458 0.043841 0.01 0.01
0 0.645919 0.017173 0.01 0.01
0 0.637638 0.011052 0.01 0.01
0 0.649842 0.004058 0.01 0.01
0 0.658123 0.007555 0.01 0.01
0 0.664661 0.014113 0.01 0.01
0 0.661610 0.033786 0.01 0.01
0 0.641996 0.034223 0.01 0.01
0 0.640253 0.029414 0.01 0.01
0 0.633279 0.049524 0.01 0.01
0 0.630664 0.057830 0.01 0.01
0 0.627177 0.064825 0.01 0.01
0 0.638074 0.063514 0.01 0.01
0 0.649406 0.068323 0.01 0.01
0 0.649406 0.058705 0.01 0.01
0 0.649842 0.047775 0.01 0.01
0 0.657688 0.043404 0.01 0.01
0 0.669020 0.042966 0.01 0.01
0 0.674251 0.036409 0.01 0.01
0 0.679045 0.015424 0.01 0.01
0 0.685147 0.015424 0.01 0.01
0 0.692121 0.013238 0.01 0.01
0 0.690814 0.041218 0.01 0.01
0 0.676430 0.052147 0.01 0.01
0 0.669892 0.058705 0.01 0.01
0 0.665969 0.051710 0.01 0.01
0 0.659867 0.051710 0.01 0.01
0 0.659867 0.061765 0.01 0.01
0 0.668584 0.073569 0.01 0.01
0 0.682968 0.074880 0.01 0.01
0 0.688198 0.068323 0.01 0.01
0 0.691685 0.060016 0.01 0.01
0 0.683840 0.059579 0.01 0.01
0 0.682968 0.053021 0.01 0.01
0 0.629356 0.074880 0.01 0.01
0 0.636766 0.098051 0.01 0.01
0 0.637202 0.114663 0.01 0.01
0 0.640253 0.119472 0.01 0.01
0 0.651150 0.122095 0.01 0.01
0 0.655072 0.093679 0.01 0.01
0 0.665969 0.086684 0.01 0.01
0 0.666841 0.108543 0.01 0.01
0 0.677738 0.095427 0.01 0.01
0 0.688634 0.091056 0.01 0.01
0 0.658559 0.116412 0.01 0.01
0 0.655944 0.133899 0.01 0.01
0 0.628920 0.127341 0.01 0.01
0 0.637202 0.131276 0.01 0.01
0 0.669020 0.132150 0.01 0.01
0 0.674686 0.136522 0.01 0.01
0 0.672071 0.118598 0.01 0.01
0 0.679481 0.116412 0.01 0.01
0 0.685583 0.109854 0.01 0.01
0 0.683840 0.121221 0.01 0.01
0 0.690814 0.123407 0.01 0.01
0 0.695172 0.099799 0.01 0.01
0 0.699967 0.104608 0.01 0.01
0 0.703018 0.108980 0.01 0.01
0 0.706941 0.126467 0.01 0.01
0 0.706505 0.086684 0.01 0.01
0 0.706941 0.063076 0.01 0.01
0 0.703890 0.054333 0.01 0.01
0 0.699095 0.052147 0.01 0.01
0 0.701710 0.041655 0.01 0.01
0 0.709556 0.035097 0.01 0.01
0 0.631100 0.150512 0.01 0.01
0 0.623254 0.161004 0.01 0.01
0 0.635022 0.172808 0.01 0.01
0 0.628049 0.180240 0.01 0.01
0 0.635022 0.181551 0.01 0.01
0 0.644612 0.178928 0.01 0.01
0 0.650278 0.183737 0.01 0.01
0 0.636766 0.193355 0.01 0.01
0 0.624562 0.200350 0.01 0.01
0 0.611486 0.185923 0.01 0.01
0 0.610614 0.198164 0.01 0.01
0 0.568771 0.199913 0.01 0.01
0 0.630664 0.239696 0.01 0.01
0 0.628920 0.223083 0.01 0.01
0 0.635894 0.216088 0.01 0.01
0 0.648970 0.214339 0.01 0.01
0 0.655072 0.200350 0.01 0.01
0 0.665969 0.191606 0.01 0.01
0 0.664226 0.172370 0.01 0.01
0 0.654637 0.150075 0.01 0.01
0 0.672071 0.161441 0.01 0.01
0 0.684276 0.160567 0.01 0.01
0 0.695608 0.157944 0.01 0.01
0 0.697352 0.177617 0.01 0.01
0 0.684711 0.172370 0.01 0.01
0 0.678609 0.177179 0.01 0.01
0 0.684276 0.184174 0.01 0.01
0 0.691249 0.190295 0.01 0.01
0 0.675558 0.195978 0.01 0.01
0 0.670764 0.204722 0.01 0.01
0 0.680789 0.211716 0.01 0.01
0 0.693865 0.223083 0.01 0.01
0 0.693429 0.230952 0.01 0.01
0 0.701274 0.215214 0.01 0.01
0 0.695172 0.206033 0.01 0.01
0 0.672943 0.230515 0.01 0.01
0 0.663790 0.220460 0.01 0.01
0 0.657252 0.215214 0.01 0.01
0 0.651150 0.223957 0.01 0.01
0 0.646791 0.231826 0.01 0.01
0 0.657252 0.242756 0.01 0.01
0 0.648099 0.248876 0.01 0.01
0 0.672071 0.245379 0.01 0.01
0 0.681660 0.241444 0.01 0.01
0 0.689506 0.247128 0.01 0.01
0 0.706941 0.245816 0.01 0.01
0 0.700418 0.004932 0.01 0.01
0 0.702598 0.015424 0.01 0.01
0 0.708264 0.007118 0.01 0.01
0 0.720904 0.008429 0.01 0.01
0 0.719161 0.018922 0.01 0.01
0 0.717417 0.040343 0.01 0.01
0 0.718289 0.055644 0.01 0.01
0 0.723955 0.055644 0.01 0.01
0 0.728750 0.062202 0.01 0.01
0 0.710008 0.072694 0.01 0.01
0 0.716546 0.099362 0.01 0.01
0 0.721776 0.109417 0.01 0.01
0 0.724827 0.090181 0.01 0.01
0 0.733980 0.090181 0.01 0.01
0 0.739647 0.063514 0.01 0.01
0 0.748364 0.046464 0.01 0.01
0 0.744441 0.036846 0.01 0.01
0 0.734416 0.008429 0.01 0.01
0 0.748800 0.005806 0.01 0.01
0 0.771465 0.008867 0.01 0.01
0 0.771465 0.015424 0.01 0.01
0 0.760132 0.026354 0.01 0.01
0 0.766670 0.025916 0.01 0.01
0 0.764491 0.045589 0.01 0.01
0 0.770157 0.036846 0.01 0.01
0 0.776259 0.036846 0.01 0.01
0 0.775824 0.049961 0.01 0.01
0 0.777131 0.059142 0.01 0.01
0 0.783233 0.067885 0.01 0.01
0 0.764491 0.067448 0.01 0.01
0 0.760568 0.058705 0.01 0.01
0 0.756210 0.098925 0.01 0.01
0 0.764491 0.090619 0.01 0.01
0 0.771465 0.098925 0.01 0.01
0 0.785413 0.091493 0.01 0.01
0 0.794566 0.081875 0.01 0.01
0 0.809385 0.073132 0.01 0.01
0 0.804591 0.064825 0.01 0.01
0 0.798925 0.057393 0.01 0.01
0 0.804155 0.048212 0.01 0.01
0 0.794130 0.047338 0.01 0.01
0 0.786720 0.043841 0.01 0.01
0 0.800232 0.038595 0.01 0.01
0 0.789771 0.032037 0.01 0.01
0 0.781490 0.029851 0.01 0.01
0 0.788900 0.021545 0.01 0.01
0 0.791079 0.008867 0.01 0.01
0 0.806770 0.023731 0.01 0.01
0 0.806334 0.033348 0.01 0.01
0 0.818975 0.031163 0.01 0.01
0 0.825513 0.035972 0.01 0.01
0 0.821590 0.020233 0.01 0.01
0 0.820282 0.009741 0.01 0.01
0 0.828128 0.012801 0.01 0.01
0 0.825513 0.005369 0.01 0.01
0 0.837281 0.006244 0.01 0.01
0 0.837281 0.023293 0.01 0.01
0 0.841204 0.035097 0.01 0.01
0 0.846870 0.004932 0.01 0.01
0 0.849049 0.014550 0.01 0.01
0 0.850793 0.022419 0.01 0.01
0 0.857331 0.027228 0.01 0.01
0 0.861690 0.034660 0.01 0.01
0 0.873022 0.023731 0.01 0.01
0 0.867792 0.017173 0.01 0.01
0 0.861254 0.014113 0.01 0.01
0 0.857767 0.006244 0.01 0.01
0 0.876945 0.004932 0.01 0.01
0 0.892636 0.015861 0.01 0.01
0 0.883919 0.013238 0.01 0.01
0 0.891329 0.004058 0.01 0.01
0 0.903969 0.002746 0.01 0.01
0 0.905276 0.016736 0.01 0.01
0 0.915301 0.009304 0.01 0.01
0 0.923147 0.012801 0.01 0.01
0 0.940146 0.015424 0.01 0.01
0 0.933608 0.020670 0.01 0.01
0 0.924454 0.025042 0.01 0.01
0 0.930557 0.032911 0.01 0.01
0 0.911814 0.035534 0.01 0.01
0 0.907020 0.041218 0.01 0.01
0 0.901354 0.039032 0.01 0.01
0 0.895687 0.036409 0.01 0.01
0 0.891329 0.045589 0.01 0.01
0 0.883047 0.053896 0.01 0.01
0 0.883919 0.032474 0.01 0.01
0 0.878688 0.031600 0.01 0.01
0 0.878253 0.056519 0.01 0.01
0 0.862125 0.055207 0.01 0.01
0 0.855587 0.058268 0.01 0.01
0 0.842511 0.054770 0.01 0.01
0 0.823333 0.059579 0.01 0.01
0 0.835102 0.076192 0.01 0.01
0 0.842075 0.075755 0.01 0.01
0 0.840768 0.084498 0.01 0.01
0 0.857331 0.073569 0.01 0.01
0 0.862997 0.065700 0.01 0.01
0 0.851229 0.091056 0.01 0.01
0 0.831179 0.088433 0.01 0.01
0 0.816359 0.086684 0.01 0.01
0 0.791951 0.111166 0.01 0.01
0 0.772337 0.109417 0.01 0.01
0 0.754030 0.115975 0.01 0.01
0 0.755774 0.109417 0.01 0.01
0 0.737903 0.110291 0.01 0.01
0 0.740082 0.101548 0.01 0.01
0 0.730929 0.126467 0.01 0.01
0 0.730929 0.134773 0.01 0.01
0 0.716981 0.123844 0.01 0.01
0 0.720033 0.132587 0.01 0.01
0 0.715238 0.135648 0.01 0.01
0 0.717417 0.143954 0.01 0.01
0 0.720904 0.156632 0.01 0.01
0 0.732673 0.157944 0.01 0.01
0 0.706956 0.164501 0.01 0.01
0 0.706956 0.171496 0.01 0.01
0 0.707392 0.178054 0.01 0.01
0 0.716110 0.178928 0.01 0.01
0 0.727878 0.172370 0.01 0.01
0 0.740082 0.162315 0.01 0.01
0 0.740082 0.152698 0.01 0.01
0 0.748364 0.158818 0.01 0.01
0 0.758825 0.143517 0.01 0.01
0 0.762748 0.150075 0.01 0.01
0 0.771901 0.137834 0.01 0.01
0 0.777131 0.144828 0.01 0.01
0 0.781054 0.149637 0.01 0.01
0 0.780618 0.156195 0.01 0.01
0 0.770593 0.161441 0.01 0.01
0 0.768850 0.169747 0.01 0.01
0 0.747056 0.171059 0.01 0.01
0 0.754466 0.177179 0.01 0.01
0 0.751415 0.182426 0.01 0.01
0 0.736160 0.180240 0.01 0.01
0 0.727878 0.184611 0.01 0.01
0 0.730057 0.195104 0.01 0.01
0 0.731365 0.202973 0.01 0.01
0 0.708700 0.197727 0.01 0.01
0 0.725699 0.214339 0.01 0.01
0 0.717417 0.221334 0.01 0.01
0 0.714366 0.235761 0.01 0.01
0 0.730929 0.226143 0.01 0.01
0 0.732237 0.232264 0.01 0.01
0 0.746185 0.220460 0.01 0.01
0 0.750107 0.210405 0.01 0.01
0 0.750107 0.200787 0.01 0.01
0 0.767542 0.185049 0.01 0.01
0 0.767106 0.205159 0.01 0.01
0 0.769286 0.199475 0.01 0.01
0 0.785413 0.185049 0.01 0.01
0 0.778875 0.176305 0.01 0.01
0 0.786284 0.174994 0.01 0.01
0 0.794566 0.163627 0.01 0.01
0 0.799796 0.156632 0.01 0.01
0 0.795438 0.140457 0.01 0.01
0 0.805027 0.131713 0.01 0.01
0 0.798053 0.123407 0.01 0.01
0 0.817231 0.135211 0.01 0.01
0 0.816795 0.141331 0.01 0.01
0 0.822897 0.134773 0.01 0.01
0 0.811565 0.120347 0.01 0.01
0 0.812436 0.112040 0.01 0.01
0 0.810693 0.105045 0.01 0.01
0 0.818975 0.102422 0.01 0.01
0 0.829871 0.116412 0.01 0.01
0 0.832922 0.105920 0.01 0.01
0 0.838153 0.110729 0.01 0.01
0 0.846870 0.116849 0.01 0.01
0 0.840768 0.102859 0.01 0.01
0 0.848614 0.101548 0.01 0.01
0 0.857331 0.111166 0.01 0.01
0 0.865176 0.094990 0.01 0.01
0 0.873022 0.090619 0.01 0.01
0 0.864305 0.085372 0.01 0.01
0 0.877817 0.088870 0.01 0.01
0 0.876073 0.077940 0.01 0.01
0 0.883919 0.071383 0.01 0.01
0 0.892636 0.058705 0.01 0.01
0 0.901789 0.055644 0.01 0.01
0 0.896995 0.049961 0.01 0.01
0 0.910943 0.052584 0.01 0.01
0 0.923583 0.048212 0.01 0.01
0 0.923583 0.055644 0.01 0.01
0 0.923147 0.068323 0.01 0.01
0 0.929685 0.073132 0.01 0.01
0 0.924890 0.081438 0.01 0.01
0 0.913994 0.076192 0.01 0.01
0 0.905276 0.070508 0.01 0.01
0 0.894380 0.076629 0.01 0.01
0 0.886970 0.083624 0.01 0.01
0 0.893072 0.102859 0.01 0.01
0 0.885226 0.100236 0.01 0.01
0 0.872150 0.105920 0.01 0.01
0 0.877817 0.113352 0.01 0.01
0 0.864741 0.122970 0.01 0.01
0 0.855152 0.128653 0.01 0.01
0 0.848178 0.134773 0.01 0.01
0 0.855152 0.137834 0.01 0.01
0 0.835973 0.133462 0.01 0.01
0 0.841204 0.145266 0.01 0.01
0 0.842947 0.155758 0.01 0.01
0 0.833358 0.145703 0.01 0.01
0 0.835973 0.157507 0.01 0.01
0 0.822026 0.151823 0.01 0.01
0 0.810257 0.158381 0.01 0.01
0 0.802412 0.177179 0.01 0.01
0 0.787156 0.198601 0.01 0.01
0 0.780182 0.206907 0.01 0.01
0 0.778875 0.220023 0.01 0.01
0 0.767978 0.221771 0.01 0.01
0 0.750543 0.227892 0.01 0.01
0 0.757953 0.231389 0.01 0.01
0 0.769286 0.238384 0.01 0.01
0 0.780618 0.235324 0.01 0.01
0 0.793694 0.220023 0.01 0.01
0 0.796309 0.209968 0.01 0.01
0 0.805898 0.202536 0.01 0.01
0 0.812872 0.185049 0.01 0.01
0 0.821590 0.195104 0.01 0.01
0 0.817231 0.206033 0.01 0.01
0 0.838589 0.184174 0.01 0.01
0 0.830307 0.178054 0.01 0.01
0 0.820282 0.171496 0.01 0.01
0 0.842075 0.171933 0.01 0.01
0 0.850793 0.174119 0.01 0.01
0 0.861254 0.158381 0.01 0.01
0 0.870843 0.141768 0.01 0.01
0 0.870407 0.133899 0.01 0.01
0 0.878688 0.136085 0.01 0.01
0 0.894380 0.131713 0.01 0.01
0 0.885226 0.116412 0.01 0.01
0 0.894815 0.113789 0.01 0.01
0 0.901354 0.119035 0.01 0.01
0 0.908763 0.121658 0.01 0.01
0 0.915301 0.127779 0.01 0.01
0 0.913122 0.108980 0.01 0.01
0 0.907020 0.101985 0.01 0.01
0 0.899610 0.094990 0.01 0.01
0 0.901789 0.084935 0.01 0.01
0 0.920096 0.097613 0.01 0.01
0 0.924454 0.102859 0.01 0.01
0 0.934044 0.110729 0.01 0.01
0 0.927941 0.120784 0.01 0.01
0 0.913122 0.146577 0.01 0.01
0 0.903533 0.138708 0.01 0.01
0 0.907456 0.149637 0.01 0.01
0 0.900046 0.154883 0.01 0.01
0 0.887842 0.150075 0.01 0.01
0 0.886534 0.158381 0.01 0.01
0 0.877817 0.166250 0.01 0.01
0 0.867792 0.174119 0.01 0.01
0 0.861254 0.174119 0.01 0.01
0 0.861254 0.179802 0.01 0.01
0 0.861254 0.187234 0.01 0.01
0 0.862997 0.195104 0.01 0.01
0 0.842947 0.198601 0.01 0.01
0 0.852972 0.207782 0.01 0.01
0 0.844255 0.216525 0.01 0.01
0 0.831615 0.220460 0.01 0.01
0 0.822897 0.220023 0.01 0.01
0 0.824205 0.228766 0.01 0.01
0 0.824205 0.238384 0.01 0.01
0 0.800232 0.235324 0.01 0.01
0 0.799796 0.230078 0.01 0.01
0 0.868663 0.213902 0.01 0.01
0 0.878253 0.217837 0.01 0.01
0 0.883919 0.179802 0.01 0.01
0 0.878253 0.183737 0.01 0.01
0 0.887842 0.190732 0.01 0.01
0 0.884791 0.198164 0.01 0.01
0 0.885662 0.206470 0.01 0.01
0 0.893508 0.213028 0.01 0.01
0 0.903969 0.224394 0.01 0.01
0 0.902225 0.232701 0.01 0.01
0 0.905712 0.210405 0.01 0.01
0 0.914865 0.216525 0.01 0.01
0 0.899610 0.200787 0.01 0.01
0 0.896559 0.171496 0.01 0.01
0 0.899610 0.176742 0.01 0.01
0 0.904405 0.182426 0.01 0.01
0 0.910071 0.188983 0.01 0.01
0 0.911814 0.164938 0.01 0.01
0 0.920532 0.158818 0.01 0.01
0 0.930121 0.158381 0.01 0.01
0 0.929685 0.145266 0.01 0.01
0 0.918352 0.172808 0.01 0.01
0 0.917045 0.182426 0.01 0.01
0 0.926634 0.182863 0.01 0.01
0 0.926198 0.193355 0.01 0.01
0 0.930993 0.187672 0.01 0.01
0 0.927070 0.207345 0.01 0.01
0 0.846434 0.229641 0.01 0.01
0 0.847306 0.237510 0.01 0.01
0 0.847306 0.244067 0.01 0.01
0 0.948843 0.014550 0.01 0.01
0 0.956252 0.012801 0.01 0.01
0 0.938382 0.045589 0.01 0.01
0 0.947099 0.039032 0.01 0.01
0 0.949714 0.044715 0.01 0.01
0 0.949714 0.052147 0.01 0.01
0 0.957996 0.051710 0.01 0.01
0 0.941869 0.069634 0.01 0.01
0 0.938818 0.057830 0.01 0.01
0 0.947099 0.062202 0.01 0.01
0 0.964970 0.060453 0.01 0.01
0 0.961483 0.066574 0.01 0.01
0 0.960611 0.074006 0.01 0.01
0 0.960175 0.082749 0.01 0.01
0 0.951458 0.073569 0.01 0.01
0 0.946227 0.079252 0.01 0.01
0 0.951022 0.089744 0.01 0.01
0 0.933587 0.096739 0.01 0.01
0 0.930536 0.091493 0.01 0.01
0 0.942304 0.099799 0.01 0.01
0 0.952765 0.101111 0.01 0.01
0 0.960175 0.103297 0.01 0.01
0 0.966277 0.108106 0.01 0.01
0 0.951458 0.116412 0.01 0.01
0 0.957560 0.119909 0.01 0.01
0 0.940997 0.122970 0.01 0.01
0 0.962354 0.127341 0.01 0.01
0 0.942304 0.152260 0.01 0.01
0 0.948407 0.145266 0.01 0.01
0 0.943612 0.141331 0.01 0.01
0 0.954945 0.154446 0.01 0.01
0 0.952329 0.167124 0.01 0.01
0 0.938818 0.169747 0.01 0.01
0 0.941869 0.179365 0.01 0.01
0 0.951022 0.188546 0.01 0.01
0 0.956688 0.181551 0.01 0.01
0 0.964098 0.176742 0.01 0.01
0 0.967149 0.183737 0.01 0.01
0 0.967585 0.164064 0.01 0.01
0 0.976738 0.161004 0.01 0.01
0 0.978917 0.147889 0.01 0.01
0 0.966277 0.149200 0.01 0.01
0 0.965841 0.143080 0.01 0.01
0 0.987199 0.141331 0.01 0.01
0 0.984148 0.130839 0.01 0.01
0 0.988942 0.127341 0.01 0.01
0 0.991122 0.120347 0.01 0.01
0 0.971943 0.097613 0.01 0.01
0 0.981097 0.098051 0.01 0.01
0 0.981968 0.103734 0.01 0.01
0 0.989814 0.101548 0.01 0.01
0 0.996352 0.104608 0.01 0.01
0 0.988071 0.108543 0.01 0.01
0 1.006377 0.110291 0.01 0.01
0 0.976302 0.085372 0.01 0.01
0 0.969764 0.074443 0.01 0.01
0 0.976738 0.071820 0.01 0.01
0 0.982404 0.074443 0.01 0.01
0 0.974559 0.058705 0.01 0.01
0 0.969764 0.050836 0.01 0.01
0 0.968457 0.040780 0.01 0.01
0 0.959739 0.042529 0.01 0.01
0 0.977174 0.046027 0.01 0.01
0 0.985891 0.059142 0.01 0.01
0 0.992429 0.066574 0.01 0.01
0 0.992429 0.075317 0.01 0.01
0 0.996352 0.078815 0.01 0.01
0 0.999839 0.068760 0.01 0.01
0 1.009428 0.060016 0.01 0.01
0 1.011172 0.053021 0.01 0.01
0 1.012915 0.070071 0.01 0.01
0 1.026427 0.077066 0.01 0.01
0 1.030786 0.072694 0.01 0.01
0 1.030786 0.066137 0.01 0.01
0 1.032093 0.058268 0.01 0.01
0 1.031657 0.050398 0.01 0.01
0 1.036888 0.044715 0.01 0.01
0 1.043426 0.050398 0.01 0.01
0 1.050836 0.049087 0.01 0.01
0 1.015966 0.047338 0.01 0.01
0 1.020761 0.033786 0.01 0.01
0 1.001583 0.048212 0.01 0.01
0 1.005941 0.041655 0.01 0.01
0 0.991558 0.046901 0.01 0.01
0 0.987635 0.043841 0.01 0.01
0 0.981533 0.035097 0.01 0.01
0 0.989814 0.030725 0.01 0.01
0 0.978046 0.004495 0.01 0.01
0 0.999403 0.003183 0.01 0.01
0 1.007249 0.007555 0.01 0.01
0 1.018581 0.004495 0.01 0.01
0 1.036452 0.006681 0.01 0.01
0 1.041682 0.029851 0.01 0.01
0 1.034273 0.026354 0.01 0.01
0 1.049528 0.023293 0.01 0.01
0 1.058245 0.018484 0.01 0.01
0 1.063912 0.031600 0.01 0.01
0 1.052579 0.039906 0.01 0.01
0 1.056502 0.043404 0.01 0.01
0 1.063040 0.049087 0.01 0.01
0 1.069142 0.044715 0.01 0.01
0 1.074372 0.039032 0.01 0.01
0 1.078731 0.035097 0.01 0.01
0 1.070014 0.025042 0.01 0.01
0 1.080039 0.020233 0.01 0.01
0 1.077859 0.025042 0.01 0.01
0 1.083526 0.025479 0.01 0.01
0 1.091371 0.031163 0.01 0.01
0 1.088756 0.037720 0.01 0.01
0 1.083962 0.050398 0.01 0.01
0 1.091807 0.047775 0.01 0.01
0 1.090500 0.065700 0.01 0.01
0 1.080910 0.067448 0.01 0.01
0 1.071321 0.067011 0.01 0.01
0 1.050836 0.069634 0.01 0.01
0 1.042554 0.080563 0.01 0.01
0 1.040811 0.087558 0.01 0.01
0 1.017710 0.085372 0.01 0.01
0 1.043862 0.096302 0.01 0.01
0 1.026863 0.102859 0.01 0.01
0 1.033401 0.105920 0.01 0.01
0 1.022068 0.112477 0.01 0.01
0 1.035580 0.115538 0.01 0.01
0 1.029042 0.118598 0.01 0.01
0 1.003326 0.126904 0.01 0.01
0 1.008121 0.124281 0.01 0.01
0 1.011172 0.135648 0.01 0.01
0 1.000711 0.139145 0.01 0.01
0 0.999403 0.147014 0.01 0.01
0 0.989814 0.161004 0.01 0.01
0 0.999839 0.161441 0.01 0.01
0 1.013351 0.149200 0.01 0.01
0 1.017274 0.140019 0.01 0.01
0 1.024683 0.129090 0.01 0.01
0 1.029042 0.133025 0.01 0.01
0 1.036888 0.138708 0.01 0.01
0 1.035144 0.148326 0.01 0.01
0 1.039067 0.152698 0.01 0.01
0 1.048656 0.155758 0.01 0.01
0 1.053015 0.142643 0.01 0.01
0 1.048656 0.129527 0.01 0.01
0 1.050836 0.120784 0.01 0.01
0 1.055194 0.106794 0.01 0.01
0 1.061732 0.093679 0.01 0.01
0 1.080910 0.097613 0.01 0.01
0 1.087013 0.091930 0.01 0.01
0 1.067834 0.116849 0.01 0.01
0 1.078731 0.112915 0.01 0.01
0 1.070450 0.128653 0.01 0.01
0 1.072629 0.141331 0.01 0.01
0 1.077859 0.147451 0.01 0.01
0 1.084833 0.153572 0.01 0.01
0 1.081346 0.158818 0.01 0.01
0 1.092243 0.146140 0.01 0.01
0 1.093551 0.129527 0.01 0.01
0 1.085705 0.118598 0.01 0.01
0 1.092679 0.117286 0.01 0.01
0 1.098781 0.110729 0.01 0.01
0 1.110985 0.118161 0.01 0.01
0 1.116216 0.110729 0.01 0.01
0 1.104447 0.103734 0.01 0.01
0 1.103140 0.097613 0.01 0.01
0 1.100960 0.087558 0.01 0.01
0 1.108806 0.073569 0.01 0.01
0 1.115344 0.097613 0.01 0.01
0 1.124497 0.093679 0.01 0.01
0 1.117523 0.085810 0.01 0.01
0 1.107062 0.054333 0.01 0.01
0 1.102704 0.048650 0.01 0.01
0 1.103576 0.038595 0.01 0.01
0 1.110549 0.034660 0.01 0.01
0 1.116652 0.030288 0.01 0.01
0 1.104883 0.030288 0.01 0.01
0 1.096602 0.027665 0.01 0.01
0 1.109242 0.024168 0.01 0.01
0 1.114908 0.015861 0.01 0.01
0 1.121446 0.027665 0.01 0.01
0 1.124061 0.019359 0.01 0.01
0 1.129728 0.010615 0.01 0.01
0 1.115780 0.004932 0.01 0.01
0 1.150213 0.011052 0.01 0.01
0 1.141496 0.014550 0.01 0.01
0 1.141932 0.026791 0.01 0.01
0 1.133650 0.028102 0.01 0.01
0 1.131471 0.035972 0.01 0.01
0 1.127984 0.046027 0.01 0.01
0 1.134958 0.051710 0.01 0.01
0 1.118395 0.061328 0.01 0.01
0 1.122318 0.067448 0.01 0.01
0 1.125805 0.060891 0.01 0.01
0 1.134958 0.067885 0.01 0.01
0 1.131471 0.072257 0.01 0.01
0 1.137573 0.085810 0.01 0.01
0 1.142368 0.080563 0.01 0.01
0 1.146726 0.075317 0.01 0.01
0 1.156316 0.068323 0.01 0.01
0 1.150649 0.063951 0.01 0.01
0 1.146726 0.060016 0.01 0.01
0 1.144983 0.052584 0.01 0.01
0 1.141932 0.046901 0.01 0.01
0 1.150213 0.046901 0.01 0.01
0 1.143240 0.039469 0.01 0.01
0 1.155444 0.034223 0.01 0.01
0 1.150649 0.022419 0.01 0.01
0 1.157623 0.016736 0.01 0.01
0 1.165905 0.014113 0.01 0.01
0 1.159367 0.004932 0.01 0.01
0 1.173750 0.014113 0.01 0.01
0 1.167648 0.034660 0.01 0.01
0 1.163289 0.027665 0.01 0.01
0 1.168084 0.025916 0.01 0.01
0 1.174622 0.028977 0.01 0.01
0 1.185519 0.023293 0.01 0.01
0 1.184211 0.012364 0.01 0.01
0 1.192493 0.023731 0.01 0.01
0 1.198159 0.014113 0.01 0.01
0 1.203825 0.019359 0.01 0.01
0 1.209927 0.019359 0.01 0.01
0 1.202518 0.028540 0.01 0.01
0 1.192928 0.034660 0.01 0.01
0 1.177237 0.039469 0.01 0.01
0 1.161982 0.046901 0.01 0.01
0 1.169392 0.054333 0.01 0.01
0 1.175058 0.064825 0.01 0.01
0 1.182468 0.055207 0.01 0.01
0 1.196851 0.047775 0.01 0.01
0 1.210363 0.039469 0.01 0.01
0 1.213850 0.048212 0.01 0.01
0 1.206440 0.048650 0.01 0.01
0 1.199902 0.054770 0.01 0.01
0 1.191185 0.060891 0.01 0.01
0 1.180288 0.068760 0.01 0.01
0 1.183775 0.075755 0.01 0.01
0 1.171135 0.073132 0.01 0.01
0 1.163289 0.084061 0.01 0.01
0 1.153700 0.085372 0.01 0.01
0 1.156316 0.100674 0.01 0.01
0 1.141932 0.098488 0.01 0.01
0 1.143240 0.104608 0.01 0.01
0 1.139317 0.111166 0.01 0.01
0 1.131035 0.116412 0.01 0.01
0 1.129728 0.122970 0.01 0.01
0 1.155444 0.106357 0.01 0.01
0 1.170699 0.112040 0.01 0.01
0 1.155880 0.112477 0.01 0.01
0 1.154136 0.122095 0.01 0.01
0 1.160674 0.129527 0.01 0.01
0 1.161546 0.135648 0.01 0.01
0 1.162854 0.143080 0.01 0.01
0 1.173750 0.130839 0.01 0.01
0 1.179852 0.136522 0.01 0.01
0 1.183775 0.141768 0.01 0.01
0 1.183339 0.150949 0.01 0.01
0 1.192493 0.114226 0.01 0.01
0 1.193364 0.121658 0.01 0.01
0 1.185519 0.108543 0.01 0.01
0 1.176801 0.103297 0.01 0.01
0 1.177237 0.094553 0.01 0.01
0 1.185083 0.086684 0.01 0.01
0 1.169827 0.091493 0.01 0.01
0 1.189006 0.089744 0.01 0.01
0 1.197723 0.091493 0.01 0.01
0 1.194672 0.077066 0.01 0.01
0 1.196415 0.071820 0.01 0.01
0 1.207312 0.062202 0.01 0.01
0 1.206876 0.074006 0.01 0.01
0 1.205133 0.084498 0.01 0.01
0 1.214722 0.077066 0.01 0.01
0 1.216901 0.066574 0.01 0.01
0 1.210799 0.086247 0.01 0.01
0 1.203825 0.091930 0.01 0.01
0 1.219516 0.095427 0.01 0.01
0 1.202518 0.101111 0.01 0.01
0 1.206440 0.111166 0.01 0.01
0 1.213850 0.111166 0.01 0.01
0 1.219081 0.105920 0.01 0.01
0 1.226926 0.109417 0.01 0.01
0 1.215594 0.127341 0.01 0.01
0 1.233900 0.119472 0.01 0.01
0 1.232157 0.091493 0.01 0.01
0 1.228670 0.071383 0.01 0.01
0 1.226926 0.081438 0.01 0.01
0 1.232592 0.078378 0.01 0.01
0 1.230849 0.061328 0.01 0.01
0 1.233028 0.047775 0.01 0.01
0 1.228234 0.049961 0.01 0.01
0 1.225183 0.054770 0.01 0.01
0 1.226490 0.044715 0.01 0.01
0 1.225183 0.035534 0.01 0.01
0 1.236515 0.036846 0.01 0.01
0 1.235208 0.025916 0.01 0.01
0 1.237387 0.017173 0.01 0.01
0 1.228234 0.009741 0.01 0.01
0 1.226490 0.025479 0.01 0.01
0 1.220824 0.018922 0.01 0.01
0 1.216029 0.014987 0.01 0.01
0 1.219081 0.006244 0.01 0.01
0 1.212107 0.004932 0.01 0.01
0 0.973251 0.187234 0.01 0.01
0 0.969764 0.195104 0.01 0.01
0 0.967585 0.202098 0.01 0.01
0 0.956688 0.202973 0.01 0.01
0 0.948843 0.200350 0.01 0.01
0 0.940997 0.206907 0.01 0.01
0 0.935331 0.202536 0.01 0.01
0 0.936202 0.219148 0.01 0.01
0 0.944920 0.220460 0.01 0.01
0 0.955816 0.216962 0.01 0.01
0 0.968021 0.219586 0.01 0.01
0 0.975430 0.213028 0.01 0.01
0 0.986763 0.200787 0.01 0.01
0 0.974559 0.238821 0.01 0.01
0 0.967149 0.232264 0.01 0.01
0 0.949278 0.233575 0.01 0.01
0 0.947535 0.247128 0.01 0.01
0 0.932715 0.250625 0.01 0.01
0 0.926613 0.242319 0.01 0.01
0 0.927049 0.232264 0.01 0.01
0 0.997660 0.209530 0.01 0.01
0 1.002018 0.201661 0.01 0.01
0 1.008556 0.199475 0.01 0.01
0 1.006377 0.186797 0.01 0.01
0 1.016838 0.178491 0.01 0.01
0 1.022068 0.153572 0.01 0.01
0 1.033401 0.169310 0.01 0.01
0 1.047349 0.179365 0.01 0.01
0 1.031657 0.183737 0.01 0.01
0 1.039067 0.187234 0.01 0.01
0 1.043862 0.190295 0.01 0.01
0 1.048656 0.201661 0.01 0.01
0 1.038631 0.202536 0.01 0.01
0 1.028606 0.197727 0.01 0.01
0 1.023376 0.192043 0.01 0.01
0 1.021197 0.204284 0.01 0.01
0 1.024248 0.213465 0.01 0.01
0 1.014223 0.221334 0.01 0.01
0 1.002890 0.227018 0.01 0.01
0 0.999403 0.219148 0.01 0.01
0 0.993737 0.226143 0.01 0.01
0 0.988942 0.220897 0.01 0.01
0 1.009864 0.234887 0.01 0.01
0 1.023812 0.231826 0.01 0.01
0 1.034708 0.233138 0.01 0.01
0 0.993737 0.244942 0.01 0.01
0 0.876924 0.237947 0.01 0.01
0 0.872130 0.231389 0.01 0.01
0 1.045169 0.221771 0.01 0.01
0 1.042990 0.237073 0.01 0.01
0 1.066963 0.195978 0.01 0.01
0 1.074372 0.184611 0.01 0.01
0 1.056066 0.185923 0.01 0.01
0 1.064347 0.175868 0.01 0.01
0 1.053451 0.174119 0.01 0.01
0 1.056066 0.161878 0.01 0.01
0 1.060425 0.150512 0.01 0.01
0 1.069142 0.166250 0.01 0.01
0 1.090935 0.161878 0.01 0.01
0 1.096602 0.166687 0.01 0.01
0 1.104447 0.165813 0.01 0.01
0 1.112729 0.158818 0.01 0.01
0 1.122754 0.156632 0.01 0.01
0 1.122754 0.148763 0.01 0.01
0 1.114908 0.140457 0.01 0.01
0 1.107934 0.136522 0.01 0.01
0 1.103576 0.147451 0.01 0.01
0 1.138881 0.136522 0.01 0.01
0 1.138445 0.144828 0.01 0.01
0 1.147598 0.149637 0.01 0.01
0 1.135394 0.159692 0.01 0.01
0 1.114472 0.180240 0.01 0.01
0 1.121446 0.167124 0.01 0.01
0 1.087448 0.181988 0.01 0.01
0 1.095730 0.187234 0.01 0.01
0 1.087448 0.196415 0.01 0.01
0 1.057374 0.209968 0.01 0.01
0 1.070014 0.234450 0.01 0.01
0 1.090935 0.234887 0.01 0.01
0 1.100524 0.229203 0.01 0.01
0 1.117087 0.227018 0.01 0.01
0 1.111857 0.220897 0.01 0.01
0 1.119703 0.209968 0.01 0.01
0 1.136702 0.215214 0.01 0.01
0 1.139317 0.202536 0.01 0.01
0 1.131907 0.186360 0.01 0.01
0 1.139753 0.186797 0.01 0.01
0 1.131471 0.180240 0.01 0.01
0 1.145419 0.172808 0.01 0.01
0 1.144547 0.165813 0.01 0.01
0 1.151521 0.161878 0.01 0.01
0 1.158495 0.160567 0.01 0.01
0 1.169392 0.160567 0.01 0.01
0 1.169392 0.170622 0.01 0.01
0 1.160238 0.171496 0.01 0.01
0 1.152393 0.174556 0.01 0.01
0 1.164161 0.184174 0.01 0.01
0 1.178981 0.168436 0.01 0.01
0 1.187698 0.159255 0.01 0.01
0 1.197287 0.154009 0.01 0.01
0 1.207748 0.152698 0.01 0.01
0 1.204697 0.143517 0.01 0.01
0 1.203825 0.137834 0.01 0.01
0 1.219081 0.138708 0.01 0.01
0 1.229105 0.136085 0.01 0.01
0 1.222132 0.151823 0.01 0.01
0 1.231721 0.148326 0.01 0.01
0 1.212978 0.160567 0.01 0.01
0 1.207312 0.164064 0.01 0.01
0 1.199031 0.165376 0.01 0.01
0 1.192928 0.171059 0.01 0.01
0 1.185083 0.178928 0.01 0.01
0 1.181596 0.198601 0.01 0.01
0 1.149342 0.204284 0.01 0.01
0 1.155880 0.206033 0.01 0.01
0 1.168520 0.216962 0.01 0.01
0 1.152829 0.218711 0.01 0.01
0 1.144547 0.215651 0.01 0.01
0 1.130163 0.225706 0.01 0.01
0 1.120139 0.239258 0.01 0.01
0 1.124497 0.249751 0.01 0.01
0 1.106627 0.248439 0.01 0.01
0 1.098345 0.249751 0.01 0.01
0 1.061296 0.251499 0.01 0.01
0 1.037760 0.252374 0.01 0.01
0 1.012915 0.253248 0.01 0.01
0 1.184211 0.218274 0.01 0.01
0 1.189877 0.213028 0.01 0.01
0 1.192057 0.207345 0.01 0.01
0 1.194236 0.199913 0.01 0.01
0 1.209056 0.197727 0.01 0.01
0 1.204697 0.186360 0.01 0.01
0 1.212978 0.178928 0.01 0.01
0 1.218209 0.187672 0.01 0.01
0 1.221696 0.194666 0.01 0.01
0 1.226054 0.184174 0.01 0.01
0 1.224311 0.164501 0.01 0.01
0 1.229977 0.161441 0.01 0.01
0 1.237823 0.185049 0.01 0.01
0 1.232157 0.178928 0.01 0.01
0 1.233464 0.199038 0.01 0.01
0 1.234772 0.211716 0.01 0.01
0 1.225183 0.219148 0.01 0.01
0 1.216465 0.206033 0.01 0.01
0 1.212107 0.213465 0.01 0.01
0 1.200774 0.230078 0.01 0.01
0 1.177237 0.240133 0.01 0.01
0 1.164597 0.241007 0.01 0.01
0 1.152829 0.241882 0.01 0.01
0 1.138445 0.241444 0.01 0.01
0 1.147162 0.251062 0.01 0.01
0 1.168084 0.250625 0.01 0.01
0 1.194236 0.248439 0.01 0.01
0 1.187698 0.245379 0.01 0.01
0 1.211235 0.237947 0.01 0.01
0 1.245621 0.007555 0.01 0.01
0 1.253031 0.011052 0.01 0.01
0 1.244314 0.025042 0.01 0.01
0 1.248673 0.036409 0.01 0.01
0 1.249108 0.042966 0.01 0.01
0 1.253031 0.048212 0.01 0.01
0 1.255646 0.032474 0.01 0.01
0 1.260441 0.020670 0.01 0.01
0 1.267851 0.015861 0.01 0.01
0 1.270030 0.030725 0.01 0.01
0 1.270030 0.039469 0.01 0.01
0 1.263928 0.046464 0.01 0.01
0 1.270902 0.051710 0.01 0.01
0 1.260877 0.056519 0.01 0.01
0 1.246929 0.057393 0.01 0.01
0 1.255646 0.068760 0.01 0.01
0 1.251724 0.072257 0.01 0.01
0 1.249108 0.079252 0.01 0.01
0 1.256082 0.087121 0.01 0.01
0 1.250852 0.093242 0.01 0.01
0 1.255211 0.096739 0.01 0.01
0 1.263492 0.102422 0.01 0.01
0 1.265671 0.110729 0.01 0.01
0 1.253903 0.108106 0.01 0.01
0 1.253467 0.115100 0.01 0.01
0 1.253031 0.126467 0.01 0.01
0 1.253467 0.139145 0.01 0.01
0 1.241699 0.139145 0.01 0.01
0 1.263492 0.138708 0.01 0.01
0 1.267415 0.143954 0.01 0.01
0 1.275696 0.123844 0.01 0.01
0 1.277876 0.136522 0.01 0.01
0 1.242135 0.151386 0.01 0.01
0 1.238212 0.156195 0.01 0.01
0 1.248673 0.157069 0.01 0.01
0 1.248237 0.166687 0.01 0.01
0 1.272209 0.163627 0.01 0.01
0 1.265671 0.157507 0.01 0.01
0 1.259133 0.153135 0.01 0.01
0 1.274389 0.177179 0.01 0.01
0 1.279619 0.180240 0.01 0.01
0 1.256082 0.173682 0.01 0.01
0 1.253467 0.181551 0.01 0.01
0 1.244750 0.181551 0.01 0.01
0 1.244314 0.190732 0.01 0.01
0 1.263056 0.197727 0.01 0.01
0 1.265671 0.191169 0.01 0.01
0 1.259569 0.205596 0.01 0.01
0 1.260005 0.218274 0.01 0.01
0 1.246493 0.221771 0.01 0.01
0 1.236032 0.232701 0.01 0.01
0 1.233853 0.243630 0.01 0.01
0 1.216854 0.249313 0.01 0.01
0 1.243878 0.242756 0.01 0.01
0 1.255211 0.234887 0.01 0.01
0 1.265236 0.227018 0.01 0.01
0 1.275696 0.234887 0.01 0.01
0 1.287901 0.245379 0.01 0.01
0 1.263492 0.247565 0.01 0.01
0 1.288337 0.224832 0.01 0.01
0 1.282234 0.212154 0.01 0.01
0 1.276568 0.205159 0.01 0.01
0 1.281363 0.190732 0.01 0.01
0 1.289644 0.188546 0.01 0.01
0 1.299669 0.196415 0.01 0.01
0 1.304028 0.203847 0.01 0.01
0 1.295746 0.213465 0.01 0.01
0 1.302720 0.219148 0.01 0.01
0 1.312309 0.217837 0.01 0.01
0 1.297054 0.232701 0.01 0.01
0 1.315796 0.235324 0.01 0.01
0 1.309694 0.251499 0.01 0.01
0 1.325821 0.241882 0.01 0.01
0 1.332795 0.221334 0.01 0.01
0 1.323642 0.220023 0.01 0.01
0 1.317540 0.207345 0.01 0.01
0 1.316232 0.195978 0.01 0.01
0 1.311438 0.187234 0.01 0.01
0 1.286593 0.172370 0.01 0.01
0 1.290952 0.160567 0.01 0.01
0 1.284414 0.156195 0.01 0.01
0 1.277440 0.148763 0.01 0.01
0 1.287029 0.140457 0.01 0.01
0 1.306207 0.152698 0.01 0.01
0 1.312309 0.161004 0.01 0.01
0 1.312309 0.144391 0.01 0.01
0 1.302720 0.140894 0.01 0.01
0 1.300105 0.134773 0.01 0.01
0 1.297490 0.121658 0.01 0.01
0 1.300105 0.109854 0.01 0.01
0 1.291823 0.111603 0.01 0.01
0 1.287029 0.109854 0.01 0.01
0 1.281799 0.109417 0.01 0.01
0 1.280055 0.103297 0.01 0.01
0 1.274825 0.099799 0.01 0.01
0 1.270902 0.088870 0.01 0.01
0 1.269158 0.069197 0.01 0.01
0 1.276132 0.067885 0.01 0.01
0 1.279183 0.058268 0.01 0.01
0 1.283542 0.046901 0.01 0.01
0 1.283978 0.039469 0.01 0.01
0 1.292695 0.034223 0.01 0.01
0 1.287029 0.032037 0.01 0.01
0 1.280927 0.025042 0.01 0.01
0 1.281363 0.019359 0.01 0.01
0 1.276132 0.016299 0.01 0.01
0 1.288337 0.015861 0.01 0.01
0 1.292259 0.004058 0.01 0.01
0 1.303592 0.006681 0.01 0.01
0 1.296618 0.011490 0.01 0.01
0 1.305335 0.014987 0.01 0.01
0 1.315796 0.013676 0.01 0.01
0 1.323642 0.012801 0.01 0.01
0 1.329308 0.009741 0.01 0.01
0 1.328436 0.003620 0.01 0.01
0 1.313617 0.021108 0.01 0.01
0 1.295310 0.023293 0.01 0.01
0 1.299669 0.028540 0.01 0.01
0 1.304028 0.038157 0.01 0.01
0 1.292259 0.050836 0.01 0.01
0 1.299669 0.050836 0.01 0.01
0 1.310566 0.049087 0.01 0.01
0 1.319719 0.053459 0.01 0.01
0 1.298797 0.065700 0.01 0.01
0 1.307951 0.070071 0.01 0.01
0 1.318847 0.067448 0.01 0.01
0 1.304464 0.082749 0.01 0.01
0 1.313617 0.089307 0.01 0.01
0 1.292695 0.096302 0.01 0.01
0 1.284850 0.091493 0.01 0.01
0 1.285721 0.081438 0.01 0.01
0 1.290952 0.074880 0.01 0.01
0 1.311002 0.101111 0.01 0.01
0 1.317104 0.101548 0.01 0.01
0 1.320155 0.108980 0.01 0.01
0 1.327565 0.083187 0.01 0.01
0 1.328001 0.073569 0.01 0.01
0 1.337154 0.072257 0.01 0.01
0 1.340641 0.052147 0.01 0.01
0 1.347179 0.054333 0.01 0.01
0 1.330616 0.043841 0.01 0.01
0 1.314924 0.036846 0.01 0.01
0 1.324514 0.030288 0.01 0.01
0 1.320155 0.034223 0.01 0.01
0 1.341948 0.025916 0.01 0.01
0 1.338897 0.036846 0.01 0.01
0 1.344563 0.036409 0.01 0.01
0 1.350666 0.040780 0.01 0.01
0 1.354588 0.014113 0.01 0.01
0 1.341948 0.007118 0.01 0.01
0 1.344563 0.014987 0.01 0.01
0 1.363742 0.006681 0.01 0.01
0 1.365485 0.016299 0.01 0.01
0 1.361126 0.021108 0.01 0.01
0 1.361998 0.032037 0.01 0.01
0 1.368100 0.043841 0.01 0.01
0 1.369408 0.049961 0.01 0.01
0 1.370280 0.057830 0.01 0.01
0 1.359383 0.051710 0.01 0.01
0 1.368972 0.030288 0.01 0.01
0 1.376818 0.025479 0.01 0.01
0 1.375510 0.018922 0.01 0.01
0 1.375946 0.008429 0.01 0.01
0 1.382484 0.014550 0.01 0.01
0 1.392945 0.018484 0.01 0.01
0 1.395124 0.024168 0.01 0.01
0 1.387279 0.035972 0.01 0.01
0 1.405585 0.038157 0.01 0.01
0 1.406893 0.033348 0.01 0.01
0 1.411687 0.028102 0.01 0.01
0 1.416482 0.020233 0.01 0.01
0 1.427378 0.030725 0.01 0.01
0 1.410815 0.017173 0.01 0.01
0 1.396432 0.010178 0.01 0.01
0 1.415174 0.011490 0.01 0.01
0 1.413866 0.004058 0.01 0.01
0 1.427814 0.014113 0.01 0.01
0 1.426071 0.004932 0.01 0.01
0 1.442634 0.007118 0.01 0.01
0 1.442634 0.012801 0.01 0.01
0 1.442198 0.037720 0.01 0.01
0 1.449608 0.031600 0.01 0.01
0 1.458325 0.027228 0.01 0.01
0 1.458325 0.032474 0.01 0.01
0 1.458325 0.038595 0.01 0.01
0 1.467042 0.029851 0.01 0.01
0 1.466606 0.038157 0.01 0.01
0 1.466171 0.017610 0.01 0.01
0 1.462248 0.004932 0.01 0.01
0 1.472273 0.006681 0.01 0.01
0 1.480554 0.012801 0.01 0.01
0 1.482734 0.004932 0.01 0.01
0 1.495810 0.006244 0.01 0.01
0 1.501040 0.011927 0.01 0.01
0 1.512373 0.007118 0.01 0.01
0 1.512373 0.020233 0.01 0.01
0 1.495810 0.021982 0.01 0.01
0 1.486656 0.020670 0.01 0.01
0 1.498861 0.031163 0.01 0.01
0 1.512373 0.035972 0.01 0.01
0 1.518475 0.042092 0.01 0.01
0 1.491451 0.037283 0.01 0.01
0 1.480990 0.032037 0.01 0.01
0 1.494938 0.046464 0.01 0.01
0 1.499297 0.052584 0.01 0.01
0 1.514552 0.050836 0.01 0.01
0 1.517167 0.060016 0.01 0.01
0 1.515860 0.069197 0.01 0.01
0 1.494938 0.066574 0.01 0.01
0 1.480554 0.057393 0.01 0.01
0 1.457453 0.051273 0.01 0.01
0 1.458761 0.061765 0.01 0.01
0 1.466171 0.054770 0.01 0.01
0 1.442634 0.053896 0.01 0.01
0 1.431301 0.055644 0.01 0.01
0 1.443941 0.069197 0.01 0.01
0 1.419533 0.068760 0.01 0.01
0 1.409508 0.068760 0.01 0.01
0 1.404713 0.064825 0.01 0.01
0 1.397303 0.069634 0.01 0.01
0 1.387279 0.058705 0.01 0.01
0 1.387279 0.051273 0.01 0.01
0 1.380741 0.066137 0.01 0.01
0 1.370716 0.069197 0.01 0.01
0 1.359383 0.071820 0.01 0.01
0 1.344999 0.065262 0.01 0.01
0 1.345435 0.075755 0.01 0.01
0 1.350230 0.083624 0.01 0.01
0 1.370280 0.082749 0.01 0.01
0 1.363742 0.095865 0.01 0.01
0 1.353281 0.094553 0.01 0.01
0 1.331923 0.089744 0.01 0.01
0 1.334103 0.098051 0.01 0.01
0 1.344999 0.098925 0.01 0.01
0 1.349358 0.110291 0.01 0.01
0 1.329744 0.105045 0.01 0.01
0 1.329308 0.115100 0.01 0.01
0 1.336718 0.118598 0.01 0.01
0 1.341948 0.115100 0.01 0.01
0 1.312745 0.120784 0.01 0.01
0 1.306207 0.119035 0.01 0.01
0 1.314924 0.128216 0.01 0.01
0 1.323206 0.127779 0.01 0.01
0 1.325385 0.133025 0.01 0.01
0 1.325385 0.141768 0.01 0.01
0 1.327129 0.153572 0.01 0.01
0 1.337590 0.128653 0.01 0.01
0 1.344128 0.136522 0.01 0.01
0 1.355024 0.141768 0.01 0.01
0 1.364178 0.129964 0.01 0.01
0 1.366357 0.139145 0.01 0.01
0 1.363742 0.149637 0.01 0.01
0 1.358511 0.156195 0.01 0.01
0 1.347615 0.155758 0.01 0.01
0 1.347615 0.165813 0.01 0.01
0 1.333667 0.162315 0.01 0.01
0 1.369408 0.108980 0.01 0.01
0 1.360691 0.108543 0.01 0.01
0 1.368100 0.102422 0.01 0.01
0 1.378561 0.095865 0.01 0.01
0 1.391637 0.081438 0.01 0.01
0 1.385099 0.090619 0.01 0.01
0 1.404277 0.091056 0.01 0.01
0 1.401662 0.078815 0.01 0.01
0 1.411687 0.086684 0.01 0.01
0 1.421276 0.088870 0.01 0.01
0 1.429994 0.084061 0.01 0.01
0 1.442634 0.086247 0.01 0.01
0 1.441326 0.094116 0.01 0.01
0 1.443941 0.103734 0.01 0.01
0 1.451787 0.101548 0.01 0.01
0 1.424763 0.101985 0.01 0.01
0 1.430429 0.108543 0.01 0.01
0 1.433480 0.114226 0.01 0.01
0 1.420840 0.114226 0.01 0.01
0 1.402098 0.107668 0.01 0.01
0 1.394688 0.101985 0.01 0.01
0 1.383792 0.105483 0.01 0.01
0 1.396432 0.115538 0.01 0.01
0 1.379433 0.116849 0.01 0.01
0 1.373767 0.131276 0.01 0.01
0 1.384663 0.133025 0.01 0.01
0 1.378561 0.140894 0.01 0.01
0 1.384227 0.145703 0.01 0.01
0 1.378561 0.154883 0.01 0.01
0 1.397303 0.162753 0.01 0.01
0 1.389458 0.168873 0.01 0.01
0 1.407328 0.164938 0.01 0.01
0 1.426071 0.155758 0.01 0.01
0 1.418225 0.150949 0.01 0.01
0 1.416918 0.142205 0.01 0.01
0 1.418661 0.126904 0.01 0.01
0 1.438711 0.121221 0.01 0.01
0 1.447864 0.114663 0.01 0.01
0 1.459633 0.119909 0.01 0.01
0 1.478811 0.100674 0.01 0.01
0 1.459197 0.095427 0.01 0.01
0 1.463555 0.091493 0.01 0.01
0 1.484913 0.085810 0.01 0.01
0 1.483605 0.074880 0.01 0.01
0 1.500604 0.075755 0.01 0.01
0 1.494938 0.082749 0.01 0.01
0 1.508014 0.083187 0.01 0.01
0 1.509321 0.091930 0.01 0.01
0 1.504091 0.098925 0.01 0.01
0 1.495810 0.099362 0.01 0.01
0 1.492323 0.106794 0.01 0.01
0 1.489272 0.114663 0.01 0.01
0 1.485785 0.126030 0.01 0.01
0 1.513680 0.106357 0.01 0.01
0 1.517603 0.088870 0.01 0.01
0 1.508450 0.147014 0.01 0.01
0 1.484041 0.147889 0.01 0.01
0 1.476631 0.140894 0.01 0.01
0 1.496245 0.131713 0.01 0.01
0 1.511937 0.119035 0.01 0.01
0 1.454838 0.142643 0.01 0.01
0 1.460068 0.147889 0.01 0.01
0 1.474016 0.157507 0.01 0.01
0 1.482734 0.161878 0.01 0.01
0 1.480554 0.172370 0.01 0.01
0 1.453095 0.166687 0.01 0.01
0 1.461812 0.159255 0.01 0.01
0 1.446992 0.151386 0.01 0.01
0 1.437839 0.143080 0.01 0.01
0 1.439147 0.162753 0.01 0.01
0 1.436967 0.177179 0.01 0.01
0 1.429558 0.190295 0.01 0.01
0 1.417353 0.178491 0.01 0.01
0 1.456146 0.180677 0.01 0.01
0 1.474888 0.178491 0.01 0.01
0 1.453530 0.192918 0.01 0.01
0 1.472273 0.196852 0.01 0.01
0 1.481862 0.206033 0.01 0.01
0 1.487964 0.200350 0.01 0.01
0 1.491887 0.195541 0.01 0.01
0 1.497989 0.181988 0.01 0.01
0 1.504527 0.184611 0.01 0.01
0 1.501476 0.164938 0.01 0.01
0 1.511937 0.161004 0.01 0.01
0 1.536781 0.147889 0.01 0.01
0 1.398611 0.183737 0.01 0.01
0 1.405149 0.190295 0.01 0.01
0 1.413866 0.196415 0.01 0.01
0 1.421712 0.203847 0.01 0.01
0 1.433045 0.213465 0.01 0.01
0 1.363742 0.171496 0.01 0.01
0 1.351537 0.181988 0.01 0.01
0 1.341077 0.181988 0.01 0.01
0 1.333667 0.178491 0.01 0.01
0 1.326257 0.187672 0.01 0.01
0 1.331923 0.185923 0.01 0.01
0 1.329744 0.199913 0.01 0.01
0 1.339333 0.198164 0.01 0.01
0 1.337154 0.206907 0.01 0.01
0 1.341948 0.209968 0.01 0.01
0 1.350666 0.209968 0.01 0.01
0 1.348486 0.190295 0.01 0.01
0 1.355460 0.198601 0.01 0.01
0 1.363742 0.188546 0.01 0.01
0 1.368100 0.192918 0.01 0.01
0 1.376818 0.200787 0.01 0.01
0 1.382484 0.192481 0.01 0.01
0 1.392509 0.191606 0.01 0.01
0 1.368536 0.210405 0.01 0.01
0 1.359383 0.211716 0.01 0.01
0 1.383792 0.209093 0.01 0.01
0 1.373767 0.220460 0.01 0.01
0 1.373767 0.229641 0.01 0.01
0 1.374638 0.235324 0.01 0.01
0 1.358075 0.229641 0.01 0.01
0 1.346307 0.234012 0.01 0.01
0 1.339769 0.228329 0.01 0.01
0 1.395996 0.213028 0.01 0.01
0 1.405585 0.218711 0.01 0.01
0 1.417353 0.230078 0.01 0.01
0 1.409508 0.240570 0.01 0.01
0 1.427378 0.245816 0.01 0.01
0 1.432609 0.237947 0.01 0.01
0 1.453095 0.243630 0.01 0.01
0 1.474016 0.248876 0.01 0.01
0 1.476196 0.235324 0.01 0.01
0 1.466171 0.210842 0.01 0.01
0 1.454402 0.204284 0.01 0.01
0 1.448300 0.211279 0.01 0.01
0 1.441326 0.204284 0.01 0.01
0 1.489707 0.217837 0.01 0.01
0 1.500604 0.218274 0.01 0.01
0 1.495374 0.227018 0.01 0.01
0 1.506270 0.238384 0.01 0.01
0 1.486220 0.240570 0.01 0.01
0 1.514988 0.224394 0.01 0.01
0 1.519346 0.218274 0.01 0.01
0 1.531987 0.213902 0.01 0.01
0 0.014476 0.288004 0.01 0.01
0 0.021450 0.284069 0.01 0.01
0 0.025373 0.280134 0.01 0.01
0 0.004015 0.293687 0.01 0.01
0 0.011861 0.306802 0.01 0.01
0 0.021450 0.306365 0.01 0.01
0 0.014912 0.297184 0.01 0.01
0 0.026245 0.297621 0.01 0.01
0 0.034526 0.297621 0.01 0.01
0 0.028860 0.312485 0.01 0.01
0 0.015784 0.321229 0.01 0.01
0 0.030167 0.327349 0.01 0.01
0 0.008810 0.329972 0.01 0.01
0 0.008810 0.341339 0.01 0.01
0 0.015784 0.347460 0.01 0.01
0 0.020142 0.351831 0.01 0.01
0 0.030603 0.344836 0.01 0.01
0 0.039757 0.335656 0.01 0.01
0 0.051089 0.322541 0.01 0.01
0 0.051525 0.310737 0.01 0.01
0 0.060242 0.296310 0.01 0.01
0 0.049781 0.289752 0.01 0.01
0 0.047602 0.276200 0.01 0.01
0 0.068088 0.285818 0.01 0.01
0 0.089010 0.271828 0.01 0.01
0 0.098599 0.270517 0.01 0.01
0 0.142621 0.286692 0.01 0.01
0 0.113418 0.281009 0.01 0.01
0 0.116469 0.294124 0.01 0.01
0 0.098163 0.294998 0.01 0.01
0 0.080728 0.298496 0.01 0.01
0 0.073318 0.299370 0.01 0.01
0 0.068524 0.312048 0.01 0.01
0 0.080728 0.320792 0.01 0.01
0 0.090753 0.313797 0.01 0.01
0 0.106008 0.315546 0.01 0.01
0 0.114290 0.301119 0.01 0.01
0 0.129981 0.307239 0.01 0.01
0 0.115597 0.319917 0.01 0.01
0 0.106444 0.332158 0.01 0.01
0 0.095112 0.343525 0.01 0.01
0 0.075934 0.339153 0.01 0.01
0 0.082907 0.332596 0.01 0.01
0 0.069396 0.332158 0.01 0.01
0 0.057191 0.333907 0.01 0.01
0 0.054140 0.347022 0.01 0.01
0 0.047602 0.354017 0.01 0.01
0 0.036270 0.361886 0.01 0.01
0 0.005323 0.366695 0.01 0.01
0 0.018835 0.375439 0.01 0.01
0 0.013169 0.370630 0.01 0.01
0 0.032783 0.378936 0.01 0.01
0 0.041064 0.383745 0.01 0.01
0 0.048038 0.376313 0.01 0.01
0 0.058935 0.367132 0.01 0.01
0 0.075934 0.355766 0.01 0.01
0 0.131725 0.326475 0.01 0.01
0 0.122136 0.332158 0.01 0.01
0 0.154390 0.299370 0.01 0.01
0 0.164415 0.296747 0.01 0.01
0 0.181414 0.286255 0.01 0.01
0 0.190131 0.299370 0.01 0.01
0 0.198848 0.294561 0.01 0.01
0 0.195361 0.282320 0.01 0.01
0 0.204515 0.285381 0.01 0.01
0 0.212796 0.290189 0.01 0.01
0 0.216283 0.280134 0.01 0.01
0 0.228051 0.286692 0.01 0.01
0 0.271638 0.287566 0.01 0.01
0 0.270766 0.297184 0.01 0.01
0 0.264664 0.305491 0.01 0.01
0 0.252460 0.291938 0.01 0.01
0 0.276869 0.303742 0.01 0.01
0 0.244614 0.310300 0.01 0.01
0 0.284278 0.277074 0.01 0.01
0 0.296483 0.279697 0.01 0.01
0 0.325250 0.278386 0.01 0.01
0 0.362735 0.273140 0.01 0.01
0 0.333531 0.288441 0.01 0.01
0 0.320455 0.290627 0.01 0.01
0 0.313481 0.289752 0.01 0.01
0 0.303892 0.293250 0.01 0.01
0 0.296483 0.309425 0.01 0.01
0 0.311302 0.301119 0.01 0.01
0 0.318276 0.312923 0.01 0.01
0 0.327865 0.306365 0.01 0.01
0 0.340505 0.312485 0.01 0.01
0 0.351838 0.308988 0.01 0.01
0 0.348351 0.291501 0.01 0.01
0 0.356632 0.281883 0.01 0.01
0 0.367093 0.285381 0.01 0.01
0 0.380605 0.287129 0.01 0.01
0 0.338326 0.324289 0.01 0.01
0 0.345300 0.335219 0.01 0.01
0 0.335711 0.335219 0.01 0.01
0 0.313917 0.333033 0.01 0.01
0 0.315225 0.321666 0.01 0.01
0 0.290816 0.316420 0.01 0.01
0 0.281227 0.319043 0.01 0.01
0 0.271638 0.320792 0.01 0.01
0 0.269895 0.312485 0.01 0.01
0 0.260306 0.320792 0.01 0.01
0 0.236769 0.327349 0.01 0.01
0 0.215411 0.314671 0.01 0.01
0 0.221949 0.326475 0.01 0.01
0 0.203643 0.329535 0.01 0.01
0 0.197105 0.332158 0.01 0.01
0 0.184900 0.340902 0.01 0.01
0 0.177491 0.344836 0.01 0.01
0 0.171824 0.324726 0.01 0.01
0 0.178362 0.309425 0.01 0.01
0 0.170081 0.312485 0.01 0.01
0 0.163543 0.328661 0.01 0.01
0 0.151775 0.333470 0.01 0.01
0 0.143057 0.336093 0.01 0.01
0 0.134340 0.345711 0.01 0.01
0 0.127802 0.340465 0.01 0.01
0 0.122136 0.349645 0.01 0.01
0 0.113854 0.370193 0.01 0.01
0 0.104265 0.359700 0.01 0.01
0 0.093368 0.368444 0.01 0.01
0 0.095112 0.381559 0.01 0.01
0 0.090753 0.397298 0.01 0.01
0 0.072011 0.406916 0.01 0.01
0 0.063729 0.412162 0.01 0.01
0 0.048910 0.400795 0.01 0.01
0 0.034526 0.409539 0.01 0.01
0 0.019271 0.406041 0.01 0.01
0 0.018835 0.413036 0.01 0.01
0 0.010553 0.409101 0.01 0.01
0 0.005323 0.418282 0.01 0.01
0 0.027116 0.420905 0.01 0.01
0 0.059371 0.420905 0.01 0.01
0 0.103829 0.409976 0.01 0.01
0 0.110803 0.406478 0.01 0.01
0 0.121700 0.395986 0.01 0.01
0 0.127366 0.388991 0.01 0.01
0 0.142185 0.382434 0.01 0.01
0 0.140878 0.392052 0.01 0.01
0 0.153954 0.388117 0.01 0.01
0 0.138698 0.406916 0.01 0.01
0 0.176619 0.394675 0.01 0.01
0 0.184465 0.387243 0.01 0.01
0 0.174004 0.381122 0.01 0.01
0 0.180106 0.370193 0.01 0.01
0 0.168337 0.357077 0.01 0.01
0 0.176183 0.352268 0.01 0.01
0 0.203643 0.345711 0.01 0.01
0 0.214539 0.337404 0.01 0.01
0 0.227616 0.336530 0.01 0.01
0 0.227180 0.343525 0.01 0.01
0 0.238076 0.340902 0.01 0.01
0 0.217155 0.351394 0.01 0.01
0 0.192746 0.355329 0.01 0.01
0 0.193618 0.363635 0.01 0.01
0 0.200156 0.368444 0.01 0.01
0 0.203207 0.378499 0.01 0.01
0 0.213668 0.364947 0.01 0.01
0 0.226308 0.363635 0.01 0.01
0 0.228923 0.375439 0.01 0.01
0 0.214539 0.379373 0.01 0.01
0 0.201899 0.398609 0.01 0.01
0 0.220642 0.396423 0.01 0.01
0 0.212796 0.402107 0.01 0.01
0 0.206694 0.407790 0.01 0.01
0 0.195797 0.407353 0.01 0.01
0 0.180542 0.407353 0.01 0.01
0 0.244614 0.378499 0.01 0.01
0 0.241127 0.370630 0.01 0.01
0 0.236333 0.391614 0.01 0.01
0 0.246794 0.361449 0.01 0.01
0 0.249845 0.353580 0.01 0.01
0 0.251152 0.345711 0.01 0.01
0 0.250281 0.338716 0.01 0.01
0 0.245050 0.333033 0.01 0.01
0 0.245050 0.321666 0.01 0.01
0 0.265972 0.333033 0.01 0.01
0 0.276869 0.334344 0.01 0.01
0 0.277740 0.352706 0.01 0.01
0 0.259870 0.354454 0.01 0.01
0 0.254639 0.371504 0.01 0.01
0 0.262921 0.370193 0.01 0.01
0 0.275125 0.368881 0.01 0.01
0 0.249845 0.386805 0.01 0.01
0 0.258126 0.390740 0.01 0.01
0 0.265100 0.383745 0.01 0.01
0 0.282971 0.393800 0.01 0.01
0 0.283842 0.378062 0.01 0.01
0 0.273382 0.392052 0.01 0.01
0 0.297790 0.358826 0.01 0.01
0 0.294739 0.348334 0.01 0.01
0 0.287329 0.342213 0.01 0.01
0 0.300841 0.341339 0.01 0.01
0 0.323506 0.354892 0.01 0.01
0 0.309123 0.348334 0.01 0.01
0 0.324378 0.347022 0.01 0.01
0 0.331788 0.351394 0.01 0.01
0 0.325250 0.368007 0.01 0.01
0 0.307815 0.377188 0.01 0.01
0 0.321327 0.392926 0.01 0.01
0 0.328737 0.387243 0.01 0.01
0 0.332660 0.377188 0.01 0.01
0 0.356632 0.378936 0.01 0.01
0 0.340069 0.389866 0.01 0.01
0 0.335275 0.399046 0.01 0.01
0 0.358812 0.409101 0.01 0.01
0 0.375375 0.350083 0.01 0.01
0 0.352710 0.345711 0.01 0.01
0 0.352710 0.354892 0.01 0.01
0 0.353145 0.369756 0.01 0.01
0 0.382349 0.365384 0.01 0.01
0 0.382349 0.376313 0.01 0.01
0 0.376682 0.383308 0.01 0.01
0 0.377554 0.397298 0.01 0.01
0 0.372759 0.419156 0.01 0.01
0 0.314353 0.418719 0.01 0.01
0 0.299534 0.417845 0.01 0.01
0 0.157005 0.315983 0.01 0.01
0 0.146544 0.305053 0.01 0.01
0 0.069396 0.376750 0.01 0.01
0 0.076805 0.366695 0.01 0.01
0 0.248101 0.203629 0.01 0.01
0 0.252460 0.211935 0.01 0.01
0 0.258998 0.205377 0.01 0.01
0 0.088120 0.046901 0.01 0.01
0 0.052379 0.030288 0.01 0.01
0 0.141732 0.003620 0.01 0.01
0 0.179217 0.002746 0.01 0.01
0 0.178781 0.022419 0.01 0.01
0 0.196215 0.043841 0.01 0.01
0 0.199702 0.049524 0.01 0.01
0 0.200138 0.057393 0.01 0.01
0 0.248084 0.151386 0.01 0.01
0 0.262467 0.033348 0.01 0.01
0 0.310849 0.038157 0.01 0.01
0 0.316079 0.053459 0.01 0.01
0 0.318258 0.063076 0.01 0.01
0 0.317823 0.081875 0.01 0.01
0 0.311285 0.148326 0.01 0.01
0 0.624112 0.088433 0.01 0.01
0 0.414707 0.255434 0.01 0.01
0 0.422989 0.266363 0.01 0.01
0 0.412964 0.273795 0.01 0.01
0 0.397708 0.275544 0.01 0.01
0 0.451756 0.249751 0.01 0.01
0 0.450448 0.273358 0.01 0.01
0 0.451756 0.263303 0.01 0.01
0 0.459166 0.258057 0.01 0.01
0 0.471806 0.259369 0.01 0.01
0 0.480523 0.266363 0.01 0.01
0 0.504932 0.268112 0.01 0.01
0 0.525854 0.258057 0.01 0.01
0 0.527597 0.266363 0.01 0.01
0 0.547211 0.254560 0.01 0.01
0 0.552877 0.247128 0.01 0.01
0 0.556364 0.263740 0.01 0.01
0 0.562466 0.270735 0.01 0.01
0 0.569004 0.254122 0.01 0.01
0 0.579465 0.262866 0.01 0.01
0 0.589490 0.265052 0.01 0.01
0 0.589490 0.257183 0.01 0.01
0 0.582952 0.251937 0.01 0.01
0 0.575978 0.239258 0.01 0.01
0 0.569004 0.237073 0.01 0.01
0 0.625667 0.254560 0.01 0.01
0 0.618257 0.267238 0.01 0.01
0 0.608233 0.273358 0.01 0.01
0 0.625667 0.272484 0.01 0.01
0 0.626975 0.287348 0.01 0.01
0 0.642666 0.262866 0.01 0.01
0 0.650076 0.266363 0.01 0.01
0 0.655742 0.267238 0.01 0.01
0 0.648768 0.282102 0.01 0.01
0 0.638743 0.299152 0.01 0.01
0 0.661844 0.292157 0.01 0.01
0 0.666203 0.281227 0.01 0.01
0 0.681022 0.288222 0.01 0.01
0 0.692355 0.284725 0.01 0.01
0 0.690176 0.277730 0.01 0.01
0 0.696278 0.273358 0.01 0.01
0 0.700636 0.292157 0.01 0.01
0 0.708918 0.279479 0.01 0.01
0 0.687125 0.299152 0.01 0.01
0 0.663588 0.303961 0.01 0.01
0 0.711097 0.300900 0.01 0.01
0 0.704123 0.313141 0.01 0.01
0 0.699765 0.255434 0.01 0.01
0 0.615206 0.331503 0.01 0.01
0 0.596464 0.335874 0.01 0.01
0 0.511034 0.331503 0.01 0.01
0 0.422989 0.339809 0.01 0.01
0 0.427783 0.344181 0.01 0.01
0 0.421245 0.355984 0.01 0.01
0 0.413836 0.361668 0.01 0.01
0 0.408169 0.367351 0.01 0.01
0 0.402067 0.376532 0.01 0.01
0 0.392914 0.380904 0.01 0.01
0 0.393786 0.359045 0.01 0.01
0 0.398144 0.352050 0.01 0.01
0 0.400324 0.342869 0.01 0.01
0 0.386812 0.415440 0.01 0.01
0 0.398580 0.404511 0.01 0.01
0 0.420374 0.387024 0.01 0.01
0 0.412964 0.383964 0.01 0.01
0 0.417758 0.369537 0.01 0.01
0 0.443039 0.348552 0.01 0.01
0 0.468755 0.341558 0.01 0.01
0 0.452192 0.358608 0.01 0.01
0 0.443039 0.363416 0.01 0.01
0 0.433014 0.374346 0.01 0.01
0 0.451320 0.373472 0.01 0.01
0 0.437372 0.381778 0.01 0.01
0 0.423860 0.407134 0.01 0.01
0 0.415579 0.416752 0.01 0.01
0 0.407297 0.408008 0.01 0.01
0 0.412092 0.432927 0.01 0.01
0 0.395965 0.422435 0.01 0.01
0 0.403375 0.437736 0.01 0.01
0 0.387248 0.441234 0.01 0.01
0 0.362403 0.441671 0.01 0.01
0 0.365890 0.426807 0.01 0.01
0 0.356737 0.434676 0.01 0.01
0 0.344533 0.436425 0.01 0.01
0 0.345404 0.446043 0.01 0.01
0 0.350635 0.451726 0.01 0.01
0 0.358480 0.462655 0.01 0.01
0 0.374607 0.451726 0.01 0.01
0 0.389427 0.456535 0.01 0.01
0 0.376351 0.465716 0.01 0.01
0 0.430398 0.444731 0.01 0.01
0 0.414707 0.465716 0.01 0.01
0 0.463960 0.352924 0.01 0.01
0 0.476165 0.353361 0.01 0.01
0 0.489676 0.340683 0.01 0.01
0 0.498394 0.348552 0.01 0.01
0 0.489241 0.359045 0.01 0.01
0 0.502317 0.369100 0.01 0.01
0 0.524982 0.354673 0.01 0.01
0 0.533699 0.350301 0.01 0.01
0 0.529776 0.364291 0.01 0.01
0 0.542416 0.364291 0.01 0.01
0 0.541981 0.380029 0.01 0.01
0 0.528033 0.382215 0.01 0.01
0 0.486190 0.384401 0.01 0.01
0 0.494035 0.376969 0.01 0.01
0 0.491856 0.392270 0.01 0.01
0 0.496650 0.401888 0.01 0.01
0 0.501009 0.408446 0.01 0.01
0 0.505368 0.414566 0.01 0.01
0 0.472678 0.401014 0.01 0.01
0 0.477472 0.415440 0.01 0.01
0 0.473985 0.422872 0.01 0.01
0 0.482703 0.432927 0.01 0.01
0 0.454807 0.434239 0.01 0.01
0 0.471370 0.450415 0.01 0.01
0 0.477036 0.450415 0.01 0.01
0 0.479216 0.457409 0.01 0.01
0 0.502753 0.448666 0.01 0.01
0 0.503624 0.439922 0.01 0.01
0 0.521931 0.437299 0.01 0.01
0 0.533263 0.415003 0.01 0.01
0 0.533263 0.405385 0.01 0.01
0 0.533263 0.397953 0.01 0.01
0 0.550262 0.374783 0.01 0.01
0 0.552006 0.386150 0.01 0.01
0 0.561595 0.388336 0.01 0.01
0 0.550262 0.353361 0.01 0.01
0 0.558544 0.363416 0.01 0.01
0 0.563338 0.366040 0.01 0.01
0 0.575107 0.367788 0.01 0.01
0 0.574671 0.379592 0.01 0.01
0 0.576414 0.354236 0.01 0.01
0 0.575542 0.341558 0.01 0.01
0 0.603874 0.352050 0.01 0.01
0 0.595156 0.353799 0.01 0.01
0 0.602566 0.365602 0.01 0.01
0 0.580773 0.362979 0.01 0.01
0 0.590362 0.390959 0.01 0.01
0 0.606489 0.385712 0.01 0.01
0 0.591234 0.372160 0.01 0.01
0 0.605617 0.373909 0.01 0.01
0 0.616950 0.373909 0.01 0.01
0 0.620001 0.356859 0.01 0.01
0 0.618257 0.390521 0.01 0.01
0 0.618257 0.396205 0.01 0.01
0 0.623052 0.399265 0.01 0.01
0 0.625231 0.407134 0.01 0.01
0 0.626103 0.417626 0.01 0.01
0 0.630462 0.425495 0.01 0.01
0 0.606053 0.429867 0.01 0.01
0 0.596028 0.420249 0.01 0.01
0 0.601695 0.415003 0.01 0.01
0 0.595592 0.405385 0.01 0.01
0 0.575107 0.401888 0.01 0.01
0 0.562902 0.406697 0.01 0.01
0 0.548955 0.406260 0.01 0.01
0 0.551134 0.417626 0.01 0.01
0 0.577286 0.424621 0.01 0.01
0 0.574671 0.434676 0.01 0.01
0 0.568133 0.443857 0.01 0.01
0 0.563774 0.451726 0.01 0.01
0 0.549390 0.449103 0.01 0.01
0 0.551570 0.438611 0.01 0.01
0 0.594285 0.435113 0.01 0.01
0 0.594721 0.453038 0.01 0.01
0 0.592541 0.467902 0.01 0.01
0 0.619565 0.442108 0.01 0.01
0 0.612155 0.451726 0.01 0.01
0 0.623052 0.452163 0.01 0.01
0 0.618693 0.463093 0.01 0.01
0 0.641794 0.442545 0.01 0.01
0 0.647025 0.425933 0.01 0.01
0 0.654870 0.420249 0.01 0.01
0 0.647896 0.411943 0.01 0.01
0 0.635692 0.394019 0.01 0.01
0 0.641358 0.383527 0.01 0.01
0 0.657050 0.396205 0.01 0.01
0 0.647896 0.396642 0.01 0.01
0 0.639179 0.367351 0.01 0.01
0 0.645717 0.353361 0.01 0.01
0 0.660537 0.385275 0.01 0.01
0 0.674484 0.381778 0.01 0.01
0 0.672741 0.395768 0.01 0.01
0 0.668818 0.347678 0.01 0.01
0 0.669690 0.356422 0.01 0.01
0 0.675356 0.359045 0.01 0.01
0 0.684074 0.375220 0.01 0.01
0 0.690176 0.400576 0.01 0.01
0 0.702380 0.369537 0.01 0.01
0 0.701508 0.379592 0.01 0.01
0 0.702380 0.388773 0.01 0.01
0 0.700636 0.408883 0.01 0.01
0 0.709790 0.394019 0.01 0.01
0 0.672741 0.414566 0.01 0.01
0 0.674049 0.428556 0.01 0.01
0 0.672741 0.438611 0.01 0.01
0 0.676664 0.451289 0.01 0.01
0 0.652255 0.456098 0.01 0.01
0 0.646589 0.463530 0.01 0.01
0 0.694098 0.444731 0.01 0.01
0 0.698893 0.432053 0.01 0.01
0 0.684945 0.430742 0.01 0.01
0 0.688868 0.419812 0.01 0.01
0 0.713713 0.419812 0.01 0.01
0 0.716328 0.440359 0.01 0.01
0 0.702816 0.454349 0.01 0.01
0 0.673177 0.463530 0.01 0.01
0 0.676228 0.470087 0.01 0.01
0 0.693227 0.469213 0.01 0.01
0 0.535007 0.450415 0.01 0.01
0 0.549390 0.466153 0.01 0.01
0 0.563338 0.463093 0.01 0.01
0 0.533699 0.467027 0.01 0.01
0 0.516264 0.458284 0.01 0.01
0 0.695842 0.349864 0.01 0.01
0 0.704995 0.337623 0.01 0.01
0 0.715020 0.330191 0.01 0.01
0 0.712841 0.324508 0.01 0.01
0 0.040628 0.434676 0.01 0.01
0 0.045859 0.429430 0.01 0.01
0 0.078549 0.431616 0.01 0.01
0 0.078549 0.446043 0.01 0.01
0 0.078985 0.454349 0.01 0.01
0 0.058935 0.453038 0.01 0.01
0 0.007502 0.461781 0.01 0.01
0 0.037577 0.480143 0.01 0.01
0 0.061114 0.489760 0.01 0.01
0 0.085087 0.494569 0.01 0.01
0 0.077241 0.473148 0.01 0.01
0 0.089881 0.475334 0.01 0.01
0 0.097727 0.470087 0.01 0.01
0 0.106880 0.430304 0.01 0.01
0 0.142621 0.426807 0.01 0.01
0 0.140442 0.448229 0.01 0.01
0 0.139570 0.456535 0.01 0.01
0 0.118213 0.464404 0.01 0.01
0 0.115162 0.476208 0.01 0.01
0 0.109931 0.488012 0.01 0.01
0 0.105137 0.500690 0.01 0.01
0 0.085523 0.513805 0.01 0.01
0 0.057191 0.514242 0.01 0.01
0 0.038013 0.514242 0.01 0.01
0 0.005323 0.513368 0.01 0.01
0 0.013604 0.545282 0.01 0.01
0 0.068524 0.528232 0.01 0.01
0 0.029732 0.557523 0.01 0.01
0 0.036705 0.542659 0.01 0.01
0 0.003144 0.551839 0.01 0.01
0 0.009246 0.568452 0.01 0.01
0 0.004887 0.586376 0.01 0.01
0 0.031911 0.600803 0.01 0.01
0 0.047166 0.599929 0.01 0.01
0 0.026680 0.578070 0.01 0.01
0 0.014476 0.615667 0.01 0.01
0 0.065473 0.576758 0.01 0.01
0 0.057627 0.584628 0.01 0.01
0 0.089445 0.555337 0.01 0.01
0 0.108188 0.549216 0.01 0.01
0 0.095983 0.542222 0.01 0.01
0 0.105137 0.529981 0.01 0.01
0 0.092061 0.523860 0.01 0.01
0 0.126058 0.520363 0.01 0.01
0 0.120392 0.508996 0.01 0.01
0 0.130417 0.487575 0.01 0.01
0 0.134340 0.499378 0.01 0.01
0 0.148288 0.510745 0.01 0.01
0 0.159184 0.495444 0.01 0.01
0 0.169645 0.477957 0.01 0.01
0 0.159184 0.467027 0.01 0.01
0 0.160928 0.456098 0.01 0.01
0 0.170517 0.448666 0.01 0.01
0 0.165286 0.431179 0.01 0.01
0 0.189695 0.430304 0.01 0.01
0 0.213232 0.426807 0.01 0.01
0 0.235897 0.425495 0.01 0.01
0 0.255947 0.423310 0.01 0.01
0 0.212360 0.444731 0.01 0.01
0 0.217155 0.454349 0.01 0.01
0 0.235897 0.456098 0.01 0.01
0 0.244614 0.452163 0.01 0.01
0 0.254639 0.452163 0.01 0.01
0 0.261177 0.446917 0.01 0.01
0 0.270331 0.447791 0.01 0.01
0 0.289509 0.446043 0.01 0.01
0 0.298662 0.447791 0.01 0.01
0 0.310866 0.429867 0.01 0.01
0 0.327865 0.428993 0.01 0.01
0 0.345300 0.416752 0.01 0.01
0 0.263793 0.474022 0.01 0.01
0 0.266408 0.491509 0.01 0.01
0 0.256819 0.487575 0.01 0.01
0 0.238076 0.485826 0.01 0.01
0 0.225000 0.483203 0.01 0.01
0 0.221513 0.468339 0.01 0.01
0 0.214975 0.479705 0.01 0.01
0 0.208001 0.477519 0.01 0.01
0 0.204079 0.461781 0.01 0.01
0 0.193182 0.471399 0.01 0.01
0 0.189695 0.455661 0.01 0.01
0 0.184465 0.497192 0.01 0.01
0 0.201028 0.496755 0.01 0.01
0 0.214539 0.496318 0.01 0.01
0 0.170517 0.503313 0.01 0.01
0 0.180106 0.511182 0.01 0.01
0 0.201899 0.516428 0.01 0.01
0 0.154826 0.533478 0.01 0.01
0 0.137391 0.530418 0.01 0.01
0 0.128238 0.545719 0.01 0.01
0 0.116033 0.562332 0.01 0.01
0 0.102086 0.573698 0.01 0.01
0 0.089010 0.583316 0.01 0.01
0 0.076369 0.595120 0.01 0.01
0 0.108624 0.590311 0.01 0.01
0 0.120828 0.582005 0.01 0.01
0 0.138263 0.582005 0.01 0.01
0 0.162235 0.573261 0.01 0.01
0 0.155697 0.584190 0.01 0.01
0 0.163979 0.595994 0.01 0.01
0 0.136519 0.605175 0.01 0.01
0 0.108188 0.612607 0.01 0.01
0 0.184900 0.590748 0.01 0.01
0 0.199284 0.571512 0.01 0.01
0 0.193182 0.561894 0.01 0.01
0 0.192746 0.551839 0.01 0.01
0 0.187080 0.543533 0.01 0.01
0 0.180978 0.531729 0.01 0.01
0 0.171389 0.540910 0.01 0.01
0 0.171389 0.557960 0.01 0.01
0 0.213232 0.529981 0.01 0.01
0 0.232410 0.505499 0.01 0.01
0 0.232410 0.512494 0.01 0.01
0 0.238076 0.524297 0.01 0.01
0 0.260306 0.505936 0.01 0.01
0 0.260306 0.515554 0.01 0.01
0 0.241999 0.542222 0.01 0.01
0 0.228923 0.555337 0.01 0.01
0 0.232846 0.566266 0.01 0.01
0 0.217155 0.587251 0.01 0.01
0 0.193618 0.599492 0.01 0.01
0 0.211488 0.619165 0.01 0.01
0 0.237640 0.603426 0.01 0.01
0 0.243743 0.617416 0.01 0.01
0 0.251152 0.592060 0.01 0.01
0 0.260306 0.567141 0.01 0.01
0 0.264664 0.528669 0.01 0.01
0 0.273382 0.535664 0.01 0.01
0 0.287765 0.522549 0.01 0.01
0 0.293867 0.518614 0.01 0.01
0 0.286022 0.499815 0.01 0.01
0 0.292996 0.491509 0.01 0.01
0 0.287329 0.484514 0.01 0.01
0 0.291252 0.471399 0.01 0.01
0 0.285150 0.461344 0.01 0.01
0 0.309559 0.470087 0.01 0.01
0 0.315225 0.482328 0.01 0.01
0 0.319584 0.492383 0.01 0.01
0 0.319148 0.499378 0.01 0.01
0 0.312174 0.509870 0.01 0.01
0 0.305200 0.494569 0.01 0.01
0 0.325686 0.474022 0.01 0.01
0 0.329609 0.461781 0.01 0.01
0 0.329173 0.449540 0.01 0.01
0 0.318712 0.453912 0.01 0.01
0 0.333967 0.484077 0.01 0.01
0 0.341813 0.488012 0.01 0.01
0 0.349658 0.481454 0.01 0.01
0 0.352710 0.472273 0.01 0.01
0 0.364914 0.480580 0.01 0.01
0 0.371016 0.488449 0.01 0.01
0 0.341813 0.503750 0.01 0.01
0 0.330480 0.512056 0.01 0.01
0 0.320019 0.529981 0.01 0.01
0 0.354453 0.511619 0.01 0.01
0 0.368401 0.505936 0.01 0.01
0 0.381913 0.510745 0.01 0.01
0 0.379733 0.523860 0.01 0.01
0 0.373195 0.531292 0.01 0.01
0 0.353145 0.527795 0.01 0.01
0 0.322635 0.539598 0.01 0.01
0 0.311302 0.547030 0.01 0.01
0 0.296918 0.538724 0.01 0.01
0 0.289073 0.564080 0.01 0.01
0 0.297354 0.573261 0.01 0.01
0 0.310430 0.570638 0.01 0.01
0 0.326993 0.568452 0.01 0.01
0 0.336147 0.573261 0.01 0.01
0 0.337890 0.558834 0.01 0.01
0 0.341377 0.544407 0.01 0.01
0 0.349223 0.542222 0.01 0.01
0 0.368401 0.541347 0.01 0.01
0 0.366657 0.553151 0.01 0.01
0 0.352710 0.562332 0.01 0.01
0 0.357940 0.577633 0.01 0.01
0 0.370580 0.578944 0.01 0.01
0 0.364478 0.592934 0.01 0.01
0 0.338326 0.604301 0.01 0.01
0 0.347479 0.610421 0.01 0.01
0 0.341813 0.617853 0.01 0.01
0 0.320891 0.611295 0.01 0.01
0 0.305636 0.620476 0.01 0.01
0 0.296918 0.600366 0.01 0.01
0 0.280791 0.602115 0.01 0.01
0 0.273817 0.593371 0.01 0.01
0 0.378426 0.610421 0.01 0.01
0 0.032535 0.622006 0.01 0.01
0 0.032535 0.635996 0.01 0.01
0 0.053456 0.628127 0.01 0.01
0 0.066532 0.635996 0.01 0.01
0 0.050841 0.647362 0.01 0.01
0 0.058687 0.660478 0.01 0.01
0 0.042124 0.669221 0.01 0.01
0 0.019458 0.659603 0.01 0.01
0 0.004639 0.643865 0.01 0.01
0 0.022945 0.692829 0.01 0.01
0 0.058687 0.691080 0.01 0.01
0 0.061302 0.705070 0.01 0.01
0 0.062174 0.714688 0.01 0.01
0 0.084839 0.670970 0.01 0.01
0 0.107504 0.665724 0.01 0.01
0 0.123195 0.686708 0.01 0.01
0 0.130169 0.673593 0.01 0.01
0 0.132784 0.655232 0.01 0.01
0 0.086582 0.699824 0.01 0.01
0 0.019458 0.722557 0.01 0.01
0 0.004639 0.745290 0.01 0.01
0 0.029919 0.741792 0.01 0.01
0 0.017715 0.750536 0.01 0.01
0 0.050841 0.747913 0.01 0.01
0 0.050841 0.726054 0.01 0.01
0 0.063917 0.727803 0.01 0.01
0 0.083095 0.726928 0.01 0.01
0 0.082223 0.714688 0.01 0.01
0 0.093556 0.715562 0.01 0.01
0 0.110119 0.715562 0.01 0.01
0 0.124067 0.711190 0.01 0.01
0 0.111862 0.730426 0.01 0.01
0 0.094428 0.737421 0.01 0.01
0 0.083095 0.745290 0.01 0.01
0 0.079608 0.768023 0.01 0.01
0 0.043867 0.779390 0.01 0.01
0 0.008998 0.793379 0.01 0.01
0 0.035150 0.804746 0.01 0.01
0 0.052584 0.803871 0.01 0.01
0 0.070891 0.785510 0.01 0.01
0 0.083095 0.802997 0.01 0.01
0 0.097915 0.801248 0.01 0.01
0 0.060430 0.816987 0.01 0.01
0 0.030791 0.831851 0.01 0.01
0 0.030791 0.844966 0.01 0.01
0 0.015100 0.882563 0.01 0.01
0 0.048226 0.876443 0.01 0.01
0 0.070891 0.857207 0.01 0.01
0 0.027304 0.920160 0.01 0.01
0 0.025561 0.891307 0.01 0.01
0 0.014228 0.927155 0.01 0.01
0 0.044739 0.942893 0.01 0.01
0 0.041252 0.966501 0.01 0.01
0 0.055200 0.972621 0.01 0.01
0 0.058687 1.005847 0.01 0.01
0 0.020330 1.004972 0.01 0.01
0 0.015100 0.983988 0.01 0.01
0 0.007254 0.964752 0.01 0.01
0 0.081352 0.945517 0.01 0.01
0 0.071763 0.929778 0.01 0.01
0 0.056071 0.912291 0.01 0.01
0 0.084839 0.972621 0.01 0.01
0 0.095299 0.969124 0.01 0.01
0 0.130169 0.977868 0.01 0.01
0 0.098786 1.005847 0.01 0.01
0 0.141501 1.009344 0.01 0.01
0 0.110991 0.936773 0.01 0.01
0 0.090941 0.914914 0.01 0.01
0 0.090941 0.881689 0.01 0.01
0 0.104017 0.885186 0.01 0.01
0 0.116221 0.879066 0.01 0.01
0 0.117093 0.856333 0.01 0.01
0 0.098786 0.833599 0.01 0.01
0 0.112734 0.816112 0.01 0.01
0 0.113606 0.768897 0.01 0.01
0 0.119708 0.746164 0.01 0.01
0 0.124938 0.738295 0.01 0.01
0 0.110119 0.780264 0.01 0.01
0 0.138886 0.729552 0.01 0.01
0 0.138886 0.749662 0.01 0.01
0 0.141501 0.714688 0.01 0.01
0 0.151091 0.695452 0.01 0.01
0 0.144988 0.704195 0.01 0.01
0 0.172884 0.681462 0.01 0.01
0 0.167654 0.673593 0.01 0.01
0 0.183345 0.649111 0.01 0.01
0 0.186832 0.635121 0.01 0.01
0 0.165038 0.642116 0.01 0.01
0 0.219086 0.640368 0.01 0.01
0 0.220829 0.655232 0.01 0.01
0 0.204266 0.666598 0.01 0.01
0 0.211240 0.681462 0.01 0.01
0 0.205138 0.698075 0.01 0.01
0 0.188575 0.708567 0.01 0.01
0 0.175499 0.703321 0.01 0.01
0 0.199908 0.709441 0.01 0.01
0 0.216471 0.718185 0.01 0.01
0 0.172012 0.723431 0.01 0.01
0 0.155449 0.740044 0.01 0.01
0 0.172012 0.747039 0.01 0.01
0 0.158936 0.764526 0.01 0.01
0 0.156321 0.783761 0.01 0.01
0 0.165038 0.794254 0.01 0.01
0 0.151091 0.814364 0.01 0.01
0 0.133656 0.804746 0.01 0.01
0 0.131912 0.831851 0.01 0.01
0 0.141501 0.852835 0.01 0.01
0 0.157193 0.879066 0.01 0.01
0 0.179858 0.861579 0.01 0.01
0 0.171140 0.893055 0.01 0.01
0 0.130169 0.908794 0.01 0.01
0 0.139758 0.939396 0.01 0.01
0 0.142373 0.960381 0.01 0.01
0 0.120580 0.949888 0.01 0.01
0 0.155449 0.949014 0.01 0.01
0 0.176371 0.942893 0.01 0.01
0 0.196421 0.947265 0.01 0.01
0 0.189447 0.970873 0.01 0.01
0 0.165038 0.976993 0.01 0.01
0 0.177243 0.994480 0.01 0.01
0 0.207753 0.983988 0.01 0.01
0 0.219958 0.998852 0.01 0.01
0 0.233034 0.999726 0.01 0.01
0 0.233034 0.964752 0.01 0.01
0 0.208625 0.931527 0.01 0.01
0 0.226932 0.935899 0.01 0.01
0 0.188575 0.891307 0.01 0.01
0 0.231290 0.891307 0.01 0.01
0 0.264416 0.892181 0.01 0.01
0 0.293183 0.894804 0.01 0.01
0 0.322822 0.894804 0.01 0.01
0 0.353333 0.893930 0.01 0.01
0 0.280107 0.921909 0.01 0.01
0 0.266160 0.933276 0.01 0.01
0 0.265288 0.950763 0.01 0.01
0 0.265288 0.990109 0.01 0.01
0 0.250468 0.988360 0.01 0.01
0 0.294055 1.008470 0.01 0.01
0 0.313233 0.981365 0.01 0.01
0 0.294055 0.967375 0.01 0.01
0 0.298414 0.944642 0.01 0.01
0 0.342872 0.932401 0.01 0.01
0 0.339385 0.953386 0.01 0.01
0 0.344616 0.970873 0.01 0.01
0 0.344616 0.987485 0.01 0.01
0 0.337642 0.996229 0.01 0.01
0 0.377742 1.006721 0.01 0.01
0 0.379485 0.991857 0.01 0.01
0 0.374255 0.955134 0.01 0.01
0 0.379485 0.933276 0.01 0.01
0 0.369896 0.921035 0.01 0.01
0 0.383844 0.885186 0.01 0.01
0 0.411739 0.914040 0.01 0.01
0 0.414355 0.935899 0.01 0.01
0 0.411739 0.950763 0.01 0.01
0 0.421329 0.969998 0.01 0.01
0 0.419585 0.988360 0.01 0.01
0 0.419585 0.997103 0.01 0.01
0 0.440507 0.961255 0.01 0.01
0 0.460557 0.997978 0.01 0.01
0 0.461428 0.969998 0.01 0.01
0 0.471017 0.960381 0.01 0.01
0 0.501528 0.986611 0.01 0.01
0 0.493683 0.999726 0.01 0.01
0 0.512861 0.945517 0.01 0.01
0 0.525937 0.987485 0.01 0.01
0 0.539885 0.977868 0.01 0.01
0 0.536398 0.937647 0.01 0.01
0 0.539885 0.954260 0.01 0.01
0 0.565165 0.949014 0.01 0.01
0 0.577369 0.935024 0.01 0.01
0 0.554704 0.916663 0.01 0.01
0 0.587830 0.966501 0.01 0.01
0 0.589573 0.988360 0.01 0.01
0 0.564293 1.000601 0.01 0.01
0 0.600034 1.006721 0.01 0.01
0 0.621828 0.973496 0.01 0.01
0 0.602650 0.951637 0.01 0.01
0 0.603521 0.937647 0.01 0.01
0 0.631417 0.939396 0.01 0.01
0 0.634032 0.952511 0.01 0.01
0 0.475376 0.911417 0.01 0.01
0 0.437892 0.907045 0.01 0.01
0 0.413483 0.886935 0.01 0.01
0 0.170269 0.832725 0.01 0.01
0 0.185960 0.819610 0.01 0.01
0 0.197293 0.791631 0.01 0.01
0 0.192062 0.775892 0.01 0.01
0 0.206010 0.754033 0.01 0.01
0 0.243494 0.712939 0.01 0.01
0 0.224316 0.694577 0.01 0.01
0 0.235649 0.678839 0.01 0.01
0 0.229547 0.672719 0.01 0.01
0 0.265288 0.656106 0.01 0.01
0 0.246110 0.646488 0.01 0.01
0 0.252212 0.633373 0.01 0.01
0 0.233905 0.629001 0.01 0.01
0 0.271390 0.608891 0.01 0.01
0 0.273134 0.617634 0.01 0.01
0 0.273134 0.626378 0.01 0.01
0 0.282723 0.636870 0.01 0.01
0 0.280979 0.646488 0.01 0.01
0 0.294927 0.649985 0.01 0.01
0 0.297542 0.663101 0.01 0.01
0 0.306259 0.646488 0.01 0.01
0 0.328925 0.633373 0.01 0.01
0 0.333283 0.649985 0.01 0.01
0 0.333283 0.672719 0.01 0.01
0 0.320207 0.677090 0.01 0.01
0 0.292312 0.684085 0.01 0.01
0 0.284466 0.694577 0.01 0.01
0 0.291440 0.711190 0.01 0.01
0 0.262673 0.697200 0.01 0.01
0 0.257442 0.684960 0.01 0.01
0 0.315849 0.698075 0.01 0.01
0 0.339385 0.696326 0.01 0.01
0 0.351590 0.679713 0.01 0.01
0 0.366409 0.658729 0.01 0.01
0 0.361179 0.640368 0.01 0.01
0 0.362051 0.631624 0.01 0.01
0 0.367281 0.686708 0.01 0.01
0 0.273134 0.743541 0.01 0.01
0 0.275749 0.753159 0.01 0.01
0 0.331540 0.733923 0.01 0.01
0 0.340257 0.742667 0.01 0.01
0 0.355948 0.730426 0.01 0.01
0 0.372511 0.744416 0.01 0.01
0 0.357692 0.761903 0.01 0.01
0 0.359435 0.775018 0.01 0.01
0 0.329796 0.776767 0.01 0.01
0 0.310618 0.784636 0.01 0.01
0 0.289696 0.782887 0.01 0.01
0 0.267903 0.788133 0.01 0.01
0 0.246110 0.774143 0.01 0.01
0 0.238264 0.789007 0.01 0.01
0 0.223445 0.809118 0.01 0.01
0 0.235649 0.835348 0.01 0.01
0 0.206882 0.835348 0.01 0.01
0 0.256571 0.833599 0.01 0.01
0 0.259186 0.816987 0.01 0.01
0 0.275749 0.809992 0.01 0.01
0 0.289696 0.825730 0.01 0.01
0 0.301901 0.812615 0.01 0.01
0 0.269647 0.844966 0.01 0.01
0 0.253955 0.858081 0.01 0.01
0 0.240879 0.871197 0.01 0.01
0 0.219086 0.865076 0.01 0.01
0 0.199036 0.873820 0.01 0.01
0 0.277492 0.865076 0.01 0.01
0 0.290568 0.858956 0.01 0.01
0 0.307131 0.851086 0.01 0.01
0 0.346359 0.834474 0.01 0.01
0 0.332412 0.805620 0.01 0.01
0 0.364666 0.790756 0.01 0.01
0 0.360307 0.809118 0.01 0.01
0 0.355077 0.817861 0.01 0.01
0 0.358564 0.844966 0.01 0.01
0 0.365537 0.867699 0.01 0.01
0 0.404766 0.849338 0.01 0.01
0 0.386459 0.829228 0.01 0.01
0 0.389946 0.807369 0.01 0.01
0 0.396048 0.790756 0.01 0.01
0 0.402150 0.764526 0.01 0.01
0 0.389946 0.757531 0.01 0.01
0 0.406509 0.742667 0.01 0.01
0 0.397792 0.724305 0.01 0.01
0 0.389946 0.707693 0.01 0.01
0 0.398663 0.691080 0.01 0.01
0 0.375998 0.674467 0.01 0.01
0 0.391690 0.670970 0.01 0.01
0 0.408253 0.671844 0.01 0.01
0 0.390818 0.647362 0.01 0.01
0 0.419585 0.666598 0.01 0.01
0 0.416098 0.648237 0.01 0.01
0 0.418713 0.631624 0.01 0.01
0 0.411739 0.611514 0.01 0.01
0 0.396920 0.592278 0.01 0.01
0 0.386459 0.572168 0.01 0.01
0 0.381229 0.553807 0.01 0.01
0 0.401279 0.571294 0.01 0.01
0 0.409996 0.569545 0.01 0.01
0 0.403894 0.552932 0.01 0.01
0 0.421329 0.548561 0.01 0.01
0 0.401279 0.531948 0.01 0.01
0 0.395176 0.533697 0.01 0.01
0 0.404766 0.516210 0.01 0.01
0 0.427431 0.529325 0.01 0.01
0 0.437892 0.523204 0.01 0.01
0 0.437020 0.545938 0.01 0.01
0 0.431789 0.571294 0.01 0.01
0 0.443994 0.566048 0.01 0.01
0 0.464915 0.575666 0.01 0.01
0 0.450968 0.595776 0.01 0.01
0 0.419585 0.600147 0.01 0.01
0 0.441378 0.645614 0.01 0.01
0 0.443122 0.658729 0.01 0.01
0 0.438763 0.675342 0.01 0.01
0 0.436148 0.686708 0.01 0.01
0 0.425687 0.703321 0.01 0.01
0 0.430918 0.726928 0.01 0.01
0 0.437892 0.735672 0.01 0.01
0 0.426559 0.749662 0.01 0.01
0 0.443122 0.707693 0.01 0.01
0 0.455326 0.700698 0.01 0.01
0 0.466659 0.670970 0.01 0.01
0 0.471017 0.678839 0.01 0.01
0 0.496298 0.683211 0.01 0.01
0 0.502400 0.672719 0.01 0.01
0 0.471017 0.653483 0.01 0.01
0 0.472761 0.640368 0.01 0.01
0 0.461428 0.646488 0.01 0.01
0 0.471017 0.608891 0.01 0.01
0 0.477991 0.601022 0.01 0.01
0 0.485837 0.583535 0.01 0.01
0 0.491067 0.569545 0.01 0.01
0 0.495426 0.559927 0.01 0.01
0 0.467531 0.547686 0.01 0.01
0 0.453583 0.544189 0.01 0.01
0 0.456198 0.524079 0.01 0.01
0 0.483222 0.539817 0.01 0.01
0 0.478863 0.526702 0.01 0.01
0 0.490196 0.701572 0.01 0.01
0 0.477991 0.723431 0.01 0.01
0 0.471889 0.733923 0.01 0.01
0 0.461428 0.726054 0.01 0.01
0 0.460557 0.751410 0.01 0.01
0 0.441378 0.767149 0.01 0.01
0 0.426559 0.793379 0.01 0.01
0 0.425687 0.825730 0.01 0.01
0 0.415226 0.816112 0.01 0.01
0 0.443122 0.808243 0.01 0.01
0 0.456198 0.814364 0.01 0.01
0 0.474504 0.808243 0.01 0.01
0 0.480607 0.789007 0.01 0.01
0 0.493683 0.758405 0.01 0.01
0 0.484965 0.766274 0.01 0.01
0 0.496298 0.736546 0.01 0.01
0 0.504143 0.731300 0.01 0.01
0 0.515476 0.719934 0.01 0.01
0 0.514604 0.696326 0.01 0.01
0 0.532039 0.680588 0.01 0.01
0 0.528552 0.673593 0.01 0.01
0 0.520706 0.656980 0.01 0.01
0 0.496298 0.643865 0.01 0.01
0 0.499785 0.628127 0.01 0.01
0 0.500656 0.612388 0.01 0.01
0 0.497170 0.595776 0.01 0.01
0 0.505887 0.575666 0.01 0.01
0 0.516348 0.565173 0.01 0.01
0 0.522450 0.549435 0.01 0.01
0 0.504143 0.525827 0.01 0.01
0 0.472761 0.837097 0.01 0.01
0 0.454454 0.832725 0.01 0.01
0 0.437020 0.844092 0.01 0.01
0 0.433533 0.865076 0.01 0.01
0 0.472761 0.891307 0.01 0.01
0 0.513732 0.897427 0.01 0.01
0 0.485837 0.863327 0.01 0.01
0 0.502400 0.845840 0.01 0.01
0 0.531167 0.862453 0.01 0.01
0 0.539885 0.879940 0.01 0.01
0 0.565165 0.882563 0.01 0.01
0 0.559063 0.896553 0.01 0.01
0 0.584343 0.887809 0.01 0.01
0 0.599163 0.900925 0.01 0.01
0 0.594804 0.912291 0.01 0.01
0 0.566908 0.866825 0.01 0.01
0 0.533782 0.842343 0.01 0.01
0 0.525065 0.819610 0.01 0.01
0 0.505887 0.804746 0.01 0.01
0 0.524193 0.802997 0.01 0.01
0 0.514604 0.785510 0.01 0.01
0 0.516348 0.768023 0.01 0.01
0 0.511117 0.754908 0.01 0.01
0 0.526809 0.739169 0.01 0.01
0 0.546858 0.726928 0.01 0.01
0 0.387699 0.474241 0.01 0.01
0 0.389442 0.486482 0.01 0.01
0 0.422568 0.486482 0.01 0.01
0 0.416466 0.495225 0.01 0.01
0 0.413851 0.505717 0.01 0.01
0 0.431286 0.504843 0.01 0.01
0 0.435644 0.498722 0.01 0.01
0 0.435644 0.487356 0.01 0.01
0 0.442618 0.475989 0.01 0.01
0 0.453951 0.465497 0.01 0.01
0 0.442618 0.457628 0.01 0.01
0 0.475744 0.477738 0.01 0.01
0 0.460053 0.486482 0.01 0.01
0 0.467027 0.499597 0.01 0.01
0 0.453951 0.504843 0.01 0.01
0 0.495794 0.489105 0.01 0.01
0 0.487948 0.489979 0.01 0.01
0 0.487948 0.474241 0.01 0.01
0 0.492307 0.459377 0.01 0.01
0 0.720963 0.246909 0.01 0.01
0 0.727937 0.255653 0.01 0.01
0 0.717476 0.258276 0.01 0.01
0 0.706143 0.258276 0.01 0.01
0 0.726193 0.276637 0.01 0.01
0 0.714861 0.277511 0.01 0.01
0 0.719219 0.288878 0.01 0.01
0 0.722706 0.297621 0.01 0.01
0 0.734039 0.298496 0.01 0.01
0 0.732295 0.312485 0.01 0.01
0 0.718348 0.309862 0.01 0.01
0 0.719219 0.318606 0.01 0.01
0 0.727937 0.323852 0.01 0.01
0 0.728808 0.341339 0.01 0.01
0 0.713989 0.344836 0.01 0.01
0 0.713117 0.353580 0.01 0.01
0 0.719219 0.359700 0.01 0.01
0 0.724450 0.364947 0.01 0.01
0 0.724450 0.370193 0.01 0.01
0 0.724450 0.381559 0.01 0.01
0 0.721835 0.399921 0.01 0.01
0 0.725321 0.416533 0.01 0.01
0 0.751474 0.363198 0.01 0.01
0 0.741013 0.353580 0.01 0.01
0 0.756704 0.337842 0.01 0.01
0 0.750602 0.329972 0.01 0.01
0 0.759319 0.324726 0.01 0.01
0 0.742756 0.319480 0.01 0.01
0 0.759319 0.319480 0.01 0.01
0 0.755832 0.301993 0.01 0.01
0 0.747987 0.297621 0.01 0.01
0 0.741884 0.283632 0.01 0.01
0 0.741884 0.267019 0.01 0.01
0 0.741884 0.250406 0.01 0.01
0 0.742756 0.243412 0.01 0.01
0 0.753217 0.252155 0.01 0.01
0 0.765421 0.251281 0.01 0.01
0 0.778497 0.251281 0.01 0.01
0 0.772395 0.265270 0.01 0.01
0 0.760191 0.266145 0.01 0.01
0 0.753217 0.274014 0.01 0.01
0 0.762806 0.279260 0.01 0.01
0 0.792445 0.267019 0.01 0.01
0 0.791573 0.251281 0.01 0.01
0 0.802906 0.255653 0.01 0.01
0 0.818597 0.246909 0.01 0.01
0 0.829930 0.251281 0.01 0.01
0 0.823828 0.261773 0.01 0.01
0 0.813367 0.268768 0.01 0.01
0 0.821212 0.272265 0.01 0.01
0 0.832545 0.278386 0.01 0.01
0 0.826443 0.281883 0.01 0.01
0 0.837775 0.285381 0.01 0.01
0 0.843006 0.295873 0.01 0.01
0 0.820341 0.302868 0.01 0.01
0 0.810752 0.295873 0.01 0.01
0 0.781113 0.294124 0.01 0.01
0 0.775010 0.302868 0.01 0.01
0 0.768037 0.311611 0.01 0.01
0 0.782856 0.317732 0.01 0.01
0 0.771523 0.329972 0.01 0.01
0 0.784599 0.338716 0.01 0.01
0 0.795060 0.321229 0.01 0.01
0 0.809880 0.319480 0.01 0.01
0 0.813367 0.308114 0.01 0.01
0 0.804649 0.325601 0.01 0.01
0 0.799419 0.333470 0.01 0.01
0 0.790702 0.349208 0.01 0.01
0 0.767165 0.349208 0.01 0.01
0 0.767165 0.357952 0.01 0.01
0 0.775010 0.364947 0.01 0.01
0 0.778497 0.372816 0.01 0.01
0 0.768908 0.372816 0.01 0.01
0 0.743628 0.372816 0.01 0.01
0 0.748858 0.379811 0.01 0.01
0 0.753217 0.388554 0.01 0.01
0 0.745371 0.399921 0.01 0.01
0 0.769780 0.386805 0.01 0.01
0 0.776754 0.386805 0.01 0.01
0 0.788086 0.396423 0.01 0.01
0 0.789830 0.379811 0.01 0.01
0 0.809880 0.339590 0.01 0.01
0 0.813367 0.344836 0.01 0.01
0 0.820341 0.349208 0.01 0.01
0 0.810752 0.357952 0.01 0.01
0 0.795932 0.359700 0.01 0.01
0 0.787215 0.362324 0.01 0.01
0 0.800291 0.378062 0.01 0.01
0 0.810752 0.376313 0.01 0.01
0 0.826443 0.367570 0.01 0.01
0 0.831673 0.355329 0.01 0.01
0 0.799419 0.388554 0.01 0.01
0 0.799419 0.396423 0.01 0.01
0 0.782856 0.405167 0.01 0.01
0 0.769780 0.406041 0.01 0.01
0 0.758447 0.407790 0.01 0.01
0 0.746243 0.415659 0.01 0.01
0 0.737526 0.423528 0.01 0.01
0 0.722706 0.430523 0.01 0.01
0 0.731424 0.451507 0.01 0.01
0 0.740141 0.446261 0.01 0.01
0 0.748858 0.437518 0.01 0.01
0 0.754089 0.448010 0.01 0.01
0 0.727065 0.468120 0.01 0.01
0 0.717476 0.463748 0.01 0.01
0 0.707887 0.480361 0.01 0.01
0 0.700041 0.475115 0.01 0.01
0 0.685222 0.484733 0.01 0.01
0 0.691324 0.492602 0.01 0.01
0 0.691324 0.501346 0.01 0.01
0 0.669530 0.490853 0.01 0.01
0 0.658198 0.484733 0.01 0.01
0 0.659070 0.501346 0.01 0.01
0 0.640763 0.482984 0.01 0.01
0 0.617226 0.476864 0.01 0.01
0 0.592818 0.479487 0.01 0.01
0 0.591074 0.487356 0.01 0.01
0 0.591946 0.502220 0.01 0.01
0 0.566666 0.497848 0.01 0.01
0 0.564922 0.487356 0.01 0.01
0 0.570153 0.478612 0.01 0.01
0 0.544000 0.481235 0.01 0.01
0 0.536155 0.507466 0.01 0.01
0 0.523079 0.499597 0.01 0.01
0 0.505644 0.499597 0.01 0.01
0 0.513490 0.489105 0.01 0.01
0 0.520464 0.470743 0.01 0.01
0 0.516977 0.477738 0.01 0.01
0 0.507388 0.472492 0.01 0.01
0 0.541385 0.515335 0.01 0.01
0 0.529181 0.531074 0.01 0.01
0 0.538770 0.538943 0.01 0.01
0 0.550103 0.544189 0.01 0.01
0 0.550103 0.552058 0.01 0.01
0 0.539642 0.574791 0.01 0.01
0 0.524822 0.595776 0.01 0.01
0 0.529181 0.608891 0.01 0.01
0 0.525694 0.627252 0.01 0.01
0 0.528309 0.643865 0.01 0.01
0 0.553590 0.658729 0.01 0.01
0 0.566666 0.665724 0.01 0.01
0 0.578870 0.656106 0.01 0.01
0 0.583229 0.642116 0.01 0.01
0 0.555333 0.627252 0.01 0.01
0 0.560563 0.615886 0.01 0.01
0 0.557077 0.603645 0.01 0.01
0 0.557077 0.588781 0.01 0.01
0 0.559692 0.570419 0.01 0.01
0 0.575383 0.559053 0.01 0.01
0 0.568409 0.563425 0.01 0.01
0 0.571024 0.544189 0.01 0.01
0 0.555333 0.531948 0.01 0.01
0 0.548359 0.528450 0.01 0.01
0 0.569281 0.517084 0.01 0.01
0 0.574511 0.527576 0.01 0.01
0 0.582357 0.538068 0.01 0.01
0 0.591946 0.545938 0.01 0.01
0 0.601535 0.552058 0.01 0.01
0 0.595433 0.562550 0.01 0.01
0 0.584972 0.580912 0.01 0.01
0 0.585844 0.596650 0.01 0.01
0 0.598920 0.609765 0.01 0.01
0 0.591946 0.622881 0.01 0.01
0 0.581485 0.629001 0.01 0.01
0 0.611124 0.635121 0.01 0.01
0 0.612868 0.587032 0.01 0.01
0 0.603279 0.577414 0.01 0.01
0 0.621585 0.555555 0.01 0.01
0 0.632918 0.554681 0.01 0.01
0 0.624200 0.543314 0.01 0.01
0 0.607637 0.533697 0.01 0.01
0 0.607637 0.524953 0.01 0.01
0 0.595433 0.517084 0.01 0.01
0 0.615483 0.503094 0.01 0.01
0 0.614611 0.494351 0.01 0.01
0 0.640763 0.506592 0.01 0.01
0 0.630302 0.515335 0.01 0.01
0 0.633789 0.533697 0.01 0.01
0 0.655583 0.514461 0.01 0.01
0 0.662557 0.527576 0.01 0.01
0 0.650352 0.545938 0.01 0.01
0 0.645122 0.558178 0.01 0.01
0 0.629431 0.579163 0.01 0.01
0 0.652096 0.573042 0.01 0.01
0 0.653839 0.587032 0.01 0.01
0 0.644250 0.597524 0.01 0.01
0 0.625072 0.615011 0.01 0.01
0 0.650352 0.611514 0.01 0.01
0 0.659941 0.617634 0.01 0.01
0 0.638148 0.629001 0.01 0.01
0 0.639020 0.656106 0.01 0.01
0 0.648609 0.647362 0.01 0.01
0 0.663428 0.659603 0.01 0.01
0 0.654711 0.667472 0.01 0.01
0 0.678248 0.643865 0.01 0.01
0 0.666915 0.629875 0.01 0.01
0 0.688709 0.615011 0.01 0.01
0 0.681735 0.590529 0.01 0.01
0 0.683478 0.580037 0.01 0.01
0 0.679119 0.568671 0.01 0.01
0 0.671274 0.556430 0.01 0.01
0 0.682606 0.545063 0.01 0.01
0 0.688709 0.522330 0.01 0.01
0 0.713989 0.493476 0.01 0.01
0 0.720091 0.496974 0.01 0.01
0 0.713117 0.513586 0.01 0.01
0 0.719219 0.518833 0.01 0.01
0 0.705272 0.526702 0.01 0.01
0 0.703528 0.535445 0.01 0.01
0 0.712245 0.541566 0.01 0.01
0 0.717476 0.557304 0.01 0.01
0 0.708759 0.565173 0.01 0.01
0 0.691324 0.563425 0.01 0.01
0 0.710502 0.574791 0.01 0.01
0 0.711374 0.594027 0.01 0.01
0 0.697426 0.635121 0.01 0.01
0 0.695682 0.656106 0.01 0.01
0 0.687837 0.667472 0.01 0.01
0 0.710502 0.666598 0.01 0.01
0 0.702656 0.671844 0.01 0.01
0 0.724450 0.654357 0.01 0.01
0 0.713117 0.637745 0.01 0.01
0 0.730552 0.630750 0.01 0.01
0 0.739269 0.642116 0.01 0.01
0 0.748858 0.643865 0.01 0.01
0 0.728808 0.615011 0.01 0.01
0 0.717476 0.607142 0.01 0.01
0 0.744500 0.579163 0.01 0.01
0 0.726193 0.535445 0.01 0.01
0 0.735782 0.531948 0.01 0.01
0 0.747115 0.470743 0.01 0.01
0 0.736654 0.479487 0.01 0.01
0 0.761934 0.480361 0.01 0.01
0 0.743628 0.489979 0.01 0.01
0 0.744500 0.503969 0.01 0.01
0 0.749730 0.519707 0.01 0.01
0 0.761934 0.527576 0.01 0.01
0 0.753217 0.537194 0.01 0.01
0 0.774139 0.519707 0.01 0.01
0 0.764550 0.496099 0.01 0.01
0 0.774139 0.496099 0.01 0.01
0 0.775882 0.469869 0.01 0.01
0 0.773267 0.454131 0.01 0.01
0 0.765421 0.420031 0.01 0.01
0 0.776754 0.420905 0.01 0.01
0 0.789830 0.428774 0.01 0.01
0 0.795060 0.420905 0.01 0.01
0 0.815982 0.418282 0.01 0.01
0 0.820341 0.429649 0.01 0.01
0 0.822084 0.442764 0.01 0.01
0 0.807265 0.445387 0.01 0.01
0 0.801162 0.454131 0.01 0.01
0 0.804649 0.474241 0.01 0.01
0 0.794189 0.482984 0.01 0.01
0 0.799419 0.501346 0.01 0.01
0 0.813367 0.480361 0.01 0.01
0 0.787215 0.524953 0.01 0.01
0 0.758447 0.552932 0.01 0.01
0 0.789830 0.552058 0.01 0.01
0 0.795932 0.562550 0.01 0.01
0 0.784599 0.567796 0.01 0.01
0 0.780241 0.575666 0.01 0.01
0 0.754089 0.575666 0.01 0.01
0 0.771523 0.603645 0.01 0.01
0 0.782856 0.590529 0.01 0.01
0 0.798547 0.587906 0.01 0.01
0 0.807265 0.596650 0.01 0.01
0 0.815110 0.608017 0.01 0.01
0 0.813367 0.622006 0.01 0.01
0 0.788958 0.620257 0.01 0.01
0 0.782856 0.611514 0.01 0.01
0 0.767165 0.622881 0.01 0.01
0 0.752345 0.612388 0.01 0.01
0 0.770652 0.644739 0.01 0.01
0 0.797676 0.646488 0.01 0.01
0 0.800291 0.671844 0.01 0.01
0 0.809880 0.672719 0.01 0.01
0 0.772395 0.670970 0.01 0.01
0 0.782856 0.660478 0.01 0.01
0 0.815110 0.651734 0.01 0.01
0 0.825571 0.631624 0.01 0.01
0 0.833417 0.656106 0.01 0.01
0 0.836032 0.673593 0.01 0.01
0 0.837775 0.622881 0.01 0.01
0 0.852595 0.633373 0.01 0.01
0 0.822084 0.589655 0.01 0.01
0 0.834288 0.594901 0.01 0.01
0 0.844749 0.602770 0.01 0.01
0 0.844749 0.593153 0.01 0.01
0 0.843878 0.571294 0.01 0.01
0 0.821212 0.565173 0.01 0.01
0 0.816854 0.552932 0.01 0.01
0 0.806393 0.545063 0.01 0.01
0 0.812495 0.524953 0.01 0.01
0 0.824699 0.518833 0.01 0.01
0 0.822956 0.505717 0.01 0.01
0 0.822956 0.483859 0.01 0.01
0 0.832545 0.475989 0.01 0.01
0 0.836904 0.480361 0.01 0.01
0 0.830801 0.455879 0.01 0.01
0 0.839519 0.448010 0.01 0.01
0 0.851723 0.447136 0.01 0.01
0 0.847364 0.434020 0.01 0.01
0 0.847364 0.423528 0.01 0.01
0 0.834288 0.418282 0.01 0.01
0 0.831673 0.412162 0.01 0.01
0 0.820341 0.402544 0.01 0.01
0 0.822084 0.392926 0.01 0.01
0 0.836904 0.396423 0.01 0.01
0 0.835160 0.379811 0.01 0.01
0 0.848236 0.389428 0.01 0.01
0 0.859569 0.386805 0.01 0.01
0 0.871773 0.371941 0.01 0.01
0 0.862184 0.367570 0.01 0.01
0 0.849108 0.365821 0.01 0.01
0 0.843006 0.359700 0.01 0.01
0 0.829930 0.334344 0.01 0.01
0 0.822084 0.322103 0.01 0.01
0 0.833417 0.321229 0.01 0.01
0 0.836904 0.313360 0.01 0.01
0 0.843878 0.314234 0.01 0.01
0 0.853467 0.328224 0.01 0.01
0 0.861312 0.345711 0.01 0.01
0 0.877003 0.333470 0.01 0.01
0 0.869158 0.324726 0.01 0.01
0 0.878747 0.322978 0.01 0.01
0 0.892695 0.314234 0.01 0.01
0 0.885721 0.270517 0.01 0.01
0 0.863927 0.266145 0.01 0.01
0 0.857825 0.266145 0.01 0.01
0 0.850851 0.253904 0.01 0.01
0 0.882234 0.251281 0.01 0.01
0 0.914488 0.255653 0.01 0.01
0 0.912745 0.267893 0.01 0.01
0 0.897925 0.263522 0.01 0.01
0 0.887464 0.260024 0.01 0.01
0 0.897925 0.294998 0.01 0.01
0 0.923205 0.273140 0.01 0.01
0 0.930179 0.277511 0.01 0.01
0 0.932795 0.263522 0.01 0.01
0 0.941512 0.278386 0.01 0.01
0 0.955460 0.253904 0.01 0.01
0 0.960690 0.264396 0.01 0.01
0 0.954588 0.270517 0.01 0.01
0 0.965049 0.274888 0.01 0.01
0 0.974638 0.271391 0.01 0.01
0 0.985099 0.256527 0.01 0.01
0 0.999046 0.267893 0.01 0.01
0 1.013866 0.265270 0.01 0.01
0 1.013866 0.271391 0.01 0.01
0 1.033916 0.263522 0.01 0.01
0 1.039146 0.268768 0.01 0.01
0 1.034788 0.281009 0.01 0.01
0 1.026070 0.272265 0.01 0.01
0 1.060068 0.271391 0.01 0.01
0 1.050479 0.270517 0.01 0.01
0 1.052222 0.282757 0.01 0.01
0 1.081861 0.255653 0.01 0.01
0 1.081861 0.266145 0.01 0.01
0 1.074887 0.276637 0.01 0.01
0 1.084477 0.276637 0.01 0.01
0 1.094066 0.267893 0.01 0.01
0 1.105398 0.266145 0.01 0.01
0 0.948486 0.296747 0.01 0.01
0 0.956331 0.302868 0.01 0.01
0 0.974638 0.292375 0.01 0.01
0 0.972023 0.284506 0.01 0.01
0 0.991201 0.281009 0.01 0.01
0 0.983355 0.275763 0.01 0.01
0 0.995559 0.288004 0.01 0.01
0 1.007764 0.288004 0.01 0.01
0 1.007764 0.296747 0.01 0.01
0 1.019096 0.293250 0.01 0.01
0 0.987714 0.294124 0.01 0.01
0 0.983355 0.302868 0.01 0.01
0 0.969407 0.308114 0.01 0.01
0 0.979868 0.308988 0.01 0.01
0 0.936281 0.311611 0.01 0.01
0 0.872645 0.284506 0.01 0.01
0 0.906642 0.324726 0.01 0.01
0 0.906642 0.337842 0.01 0.01
0 0.897925 0.332596 0.01 0.01
0 0.891823 0.348334 0.01 0.01
0 0.880490 0.338716 0.01 0.01
0 0.882234 0.353580 0.01 0.01
0 0.894438 0.364947 0.01 0.01
0 0.905771 0.359700 0.01 0.01
0 0.891823 0.382434 0.01 0.01
0 0.884849 0.378062 0.01 0.01
0 0.881362 0.383308 0.01 0.01
0 0.848236 0.406041 0.01 0.01
0 0.862184 0.408664 0.01 0.01
0 0.869158 0.419156 0.01 0.01
0 0.868286 0.429649 0.01 0.01
0 0.878747 0.437518 0.01 0.01
0 0.871773 0.404292 0.01 0.01
0 0.891823 0.423528 0.01 0.01
0 0.884849 0.413036 0.01 0.01
0 0.878747 0.406916 0.01 0.01
0 0.903156 0.382434 0.01 0.01
0 0.912745 0.376313 0.01 0.01
0 0.913616 0.368444 0.01 0.01
0 0.919718 0.358826 0.01 0.01
0 0.920590 0.345711 0.01 0.01
0 0.929308 0.350957 0.01 0.01
0 0.933666 0.362324 0.01 0.01
0 0.947614 0.357077 0.01 0.01
0 0.921462 0.329972 0.01 0.01
0 0.931051 0.329972 0.01 0.01
0 0.919718 0.316857 0.01 0.01
0 0.920590 0.306365 0.01 0.01
0 0.937153 0.323852 0.01 0.01
0 0.949357 0.323852 0.01 0.01
0 0.947614 0.343088 0.01 0.01
0 0.925821 0.384182 0.01 0.01
0 0.915360 0.403418 0.01 0.01
0 0.913616 0.395549 0.01 0.01
0 0.907514 0.403418 0.01 0.01
0 0.904027 0.434895 0.01 0.01
0 0.911873 0.422654 0.01 0.01
0 0.868286 0.449759 0.01 0.01
0 0.855210 0.462874 0.01 0.01
0 0.862184 0.471618 0.01 0.01
0 0.877875 0.482110 0.01 0.01
0 0.877875 0.462000 0.01 0.01
0 0.884849 0.462874 0.01 0.01
0 0.902284 0.459377 0.01 0.01
0 0.912745 0.471618 0.01 0.01
0 0.904899 0.483859 0.01 0.01
0 0.904027 0.493476 0.01 0.01
0 0.888336 0.485607 0.01 0.01
0 0.875260 0.496974 0.01 0.01
0 0.848236 0.497848 0.01 0.01
0 0.849980 0.517958 0.01 0.01
0 0.839519 0.517958 0.01 0.01
0 0.841262 0.526702 0.01 0.01
0 0.864799 0.519707 0.01 0.01
0 0.857825 0.532822 0.01 0.01
0 0.847364 0.544189 0.01 0.01
0 0.852595 0.554681 0.01 0.01
0 0.885721 0.538943 0.01 0.01
0 0.874388 0.531074 0.01 0.01
0 0.875260 0.511838 0.01 0.01
0 0.878747 0.555555 0.01 0.01
0 0.872645 0.574791 0.01 0.01
0 0.872645 0.587032 0.01 0.01
0 0.869158 0.601896 0.01 0.01
0 0.878747 0.607142 0.01 0.01
0 0.869158 0.628127 0.01 0.01
0 0.881362 0.637745 0.01 0.01
0 0.862184 0.646488 0.01 0.01
0 0.894438 0.653483 0.01 0.01
0 0.890079 0.663975 0.01 0.01
0 0.905771 0.636870 0.01 0.01
0 0.907514 0.653483 0.01 0.01
0 0.894438 0.622006 0.01 0.01
0 0.890079 0.589655 0.01 0.01
0 0.900540 0.594901 0.01 0.01
0 0.914488 0.602770 0.01 0.01
0 0.901412 0.577414 0.01 0.01
0 0.903156 0.552932 0.01 0.01
0 0.901412 0.527576 0.01 0.01
0 0.891823 0.521456 0.01 0.01
0 0.576873 0.699386 0.01 0.01
0 0.545490 0.758842 0.01 0.01
0 0.545490 0.772832 0.01 0.01
0 0.545490 0.785073 0.01 0.01
0 0.559438 0.804309 0.01 0.01
0 0.555951 0.820047 0.01 0.01
0 0.568156 0.835785 0.01 0.01
0 0.954770 0.360138 0.01 0.01
0 0.954770 0.368881 0.01 0.01
0 0.945181 0.382871 0.01 0.01
0 0.946053 0.389866 0.01 0.01
0 0.958257 0.393363 0.01 0.01
0 0.951283 0.402981 0.01 0.01
0 0.953027 0.408227 0.01 0.01
0 0.934720 0.416096 0.01 0.01
0 0.934720 0.421342 0.01 0.01
0 0.934720 0.437955 0.01 0.01
0 0.923388 0.437955 0.01 0.01
0 0.914670 0.447573 0.01 0.01
0 0.935592 0.449322 0.01 0.01
0 0.949540 0.455442 0.01 0.01
0 0.937336 0.465934 0.01 0.01
0 0.947796 0.485170 0.01 0.01
0 0.931233 0.472929 0.01 0.01
0 0.931233 0.485170 0.01 0.01
0 0.931233 0.491291 0.01 0.01
0 0.932105 0.500034 0.01 0.01
0 0.941694 0.517521 0.01 0.01
0 0.919029 0.528013 0.01 0.01
0 0.926875 0.533259 0.01 0.01
0 0.944309 0.537631 0.01 0.01
0 0.928618 0.546375 0.01 0.01
0 0.935592 0.557741 0.01 0.01
0 0.926875 0.561239 0.01 0.01
0 0.938207 0.578726 0.01 0.01
0 0.919901 0.576103 0.01 0.01
0 0.919029 0.586595 0.01 0.01
0 0.945181 0.581349 0.01 0.01
0 0.960001 0.567359 0.01 0.01
0 0.955642 0.593590 0.01 0.01
0 0.943438 0.605831 0.01 0.01
0 0.926875 0.602333 0.01 0.01
0 0.924260 0.618072 0.01 0.01
0 0.914670 0.625941 0.01 0.01
0 0.856264 0.668784 0.01 0.01
0 0.861495 0.674904 0.01 0.01
0 0.796986 0.702009 0.01 0.01
0 0.790012 0.716873 0.01 0.01
0 0.795243 0.723868 0.01 0.01
0 0.807447 0.732612 0.01 0.01
0 0.837086 0.691517 0.01 0.01
0 0.830984 0.706381 0.01 0.01
0 0.822267 0.703758 0.01 0.01
0 0.821395 0.721245 0.01 0.01
0 0.813549 0.752722 0.01 0.01
0 0.778680 0.747476 0.01 0.01
0 0.763860 0.732612 0.01 0.01
0 0.760373 0.720371 0.01 0.01
0 0.763860 0.695889 0.01 0.01
0 0.769091 0.683648 0.01 0.01
0 0.738580 0.681025 0.01 0.01
0 0.716787 0.692392 0.01 0.01
0 0.707197 0.705507 0.01 0.01
0 0.735093 0.713376 0.01 0.01
0 0.736836 0.729114 0.01 0.01
0 0.749041 0.740481 0.01 0.01
0 0.740323 0.747476 0.01 0.01
0 0.713300 0.740481 0.01 0.01
0 0.713300 0.752722 0.01 0.01
0 0.692378 0.740481 0.01 0.01
0 0.874571 0.715125 0.01 0.01
0 0.853649 0.708130 0.01 0.01
0 0.856264 0.730863 0.01 0.01
0 0.858008 0.754471 0.01 0.01
0 0.892005 0.748350 0.01 0.01
0 0.878058 0.751847 0.01 0.01
0 0.875442 0.734360 0.01 0.01
0 0.885903 0.710753 0.01 0.01
0 0.871955 0.699386 0.01 0.01
0 0.907697 0.693266 0.01 0.01
0 0.910312 0.709879 0.01 0.01
0 0.885903 0.681025 0.01 0.01
0 0.913799 0.675779 0.01 0.01
0 0.925131 0.671407 0.01 0.01
0 0.935592 0.690643 0.01 0.01
0 0.923388 0.687145 0.01 0.01
0 0.923388 0.696763 0.01 0.01
0 0.927747 0.655669 0.01 0.01
0 0.944309 0.652171 0.01 0.01
0 0.944309 0.630313 0.01 0.01
0 0.954770 0.628564 0.01 0.01
0 0.952155 0.614574 0.01 0.01
0 0.973077 0.607579 0.01 0.01
0 0.980051 0.596213 0.01 0.01
0 0.971333 0.583097 0.01 0.01
0 0.979179 0.569108 0.01 0.01
0 0.977435 0.562113 0.01 0.01
0 0.990511 0.581349 0.01 0.01
0 0.995742 0.596213 0.01 0.01
0 1.005331 0.594464 0.01 0.01
0 1.007074 0.602333 0.01 0.01
0 1.017535 0.605831 0.01 0.01
0 1.014048 0.617197 0.01 0.01
0 0.985281 0.623318 0.01 0.01
0 0.979179 0.634684 0.01 0.01
0 0.985281 0.651297 0.01 0.01
0 0.973077 0.651297 0.01 0.01
0 0.969590 0.663538 0.01 0.01
0 0.979179 0.662664 0.01 0.01
0 0.953899 0.667910 0.01 0.01
0 0.952155 0.693266 0.01 0.01
0 0.939079 0.700261 0.01 0.01
0 0.936464 0.709004 0.01 0.01
0 0.920773 0.753596 0.01 0.01
0 0.963488 0.733486 0.01 0.01
0 0.979179 0.742230 0.01 0.01
0 0.974820 0.709004 0.01 0.01
0 0.981794 0.695889 0.01 0.01
0 0.980051 0.680151 0.01 0.01
0 0.999229 0.725617 0.01 0.01
0 0.998357 0.740481 0.01 0.01
0 1.007946 0.758842 0.01 0.01
0 1.021894 0.746601 0.01 0.01
0 1.038457 0.731737 0.01 0.01
0 1.025381 0.723868 0.01 0.01
0 1.035842 0.714250 0.01 0.01
0 1.041944 0.698512 0.01 0.01
0 1.036713 0.687145 0.01 0.01
0 1.018407 0.665287 0.01 0.01
0 1.014048 0.649548 0.01 0.01
0 1.013177 0.633810 0.01 0.01
0 1.041072 0.624192 0.01 0.01
0 1.044559 0.612825 0.01 0.01
0 1.031483 0.608454 0.01 0.01
0 1.038457 0.590092 0.01 0.01
0 1.034970 0.577851 0.01 0.01
0 1.027124 0.562113 0.01 0.01
0 1.026253 0.554244 0.01 0.01
0 1.048046 0.550746 0.01 0.01
0 1.039329 0.527139 0.01 0.01
0 1.010561 0.511401 0.01 0.01
0 0.984409 0.486044 0.01 0.01
0 0.961744 0.484296 0.01 0.01
0 0.960872 0.467683 0.01 0.01
0 0.976564 0.463311 0.01 0.01
0 0.975692 0.450196 0.01 0.01
0 0.992255 0.464186 0.01 0.01
0 1.003587 0.451945 0.01 0.01
0 0.992255 0.440578 0.01 0.01
0 0.993998 0.433583 0.01 0.01
0 0.989640 0.423091 0.01 0.01
0 0.986153 0.413473 0.01 0.01
0 0.969590 0.410850 0.01 0.01
0 0.960872 0.420468 0.01 0.01
0 0.960872 0.429211 0.01 0.01
0 0.949540 0.426588 0.01 0.01
0 0.945181 0.434458 0.01 0.01
0 0.984409 0.394237 0.01 0.01
0 0.971333 0.395986 0.01 0.01
0 0.966103 0.385494 0.01 0.01
0 0.973077 0.375002 0.01 0.01
0 0.966975 0.363635 0.01 0.01
0 0.963488 0.345274 0.01 0.01
0 0.977435 0.342651 0.01 0.01
0 0.982666 0.361886 0.01 0.01
0 0.993998 0.362761 0.01 0.01
0 0.995742 0.371504 0.01 0.01
0 1.007946 0.392489 0.01 0.01
0 0.996614 0.407353 0.01 0.01
0 1.010561 0.419594 0.01 0.01
0 1.014048 0.411724 0.01 0.01
0 1.025381 0.411724 0.01 0.01
0 1.038457 0.413473 0.01 0.01
0 1.036713 0.423091 0.01 0.01
0 1.034098 0.430086 0.01 0.01
0 1.023637 0.428337 0.01 0.01
0 1.020150 0.440578 0.01 0.01
0 1.032355 0.442327 0.01 0.01
0 1.004459 0.436206 0.01 0.01
0 0.970462 0.438829 0.01 0.01
0 0.977435 0.428337 0.01 0.01
0 1.039329 0.455442 0.01 0.01
0 1.048918 0.448447 0.01 0.01
0 1.056763 0.448447 0.01 0.01
0 1.056763 0.435332 0.01 0.01
0 1.049789 0.430086 0.01 0.01
0 1.056763 0.418719 0.01 0.01
0 1.067224 0.495662 0.01 0.01
0 1.067224 0.485170 0.01 0.01
0 1.071583 0.510526 0.01 0.01
0 1.060250 0.521018 0.01 0.01
0 1.063737 0.530636 0.01 0.01
0 1.064609 0.562987 0.01 0.01
0 1.059379 0.569108 0.01 0.01
0 1.086402 0.595338 0.01 0.01
0 1.079428 0.597087 0.01 0.01
0 1.073326 0.609328 0.01 0.01
0 1.095991 0.617197 0.01 0.01
0 1.112554 0.632061 0.01 0.01
0 1.079428 0.636433 0.01 0.01
0 1.072455 0.644302 0.01 0.01
0 1.077685 0.688894 0.01 0.01
0 1.061122 0.688894 0.01 0.01
0 1.064609 0.707256 0.01 0.01
0 1.065481 0.727366 0.01 0.01
0 1.091633 0.707256 0.01 0.01
0 1.091633 0.714250 0.01 0.01
0 1.094248 0.725617 0.01 0.01
0 1.115170 0.708130 0.01 0.01
0 1.110811 0.678402 0.01 0.01
0 1.133476 0.676653 0.01 0.01
0 1.140450 0.641679 0.01 0.01
0 1.128246 0.615449 0.01 0.01
0 1.139578 0.597961 0.01 0.01
0 1.135220 0.584846 0.01 0.01
0 1.109939 0.586595 0.01 0.01
0 1.088146 0.579600 0.01 0.01
0 1.095991 0.566485 0.01 0.01
0 1.102094 0.549872 0.01 0.01
0 1.094248 0.538506 0.01 0.01
0 1.097735 0.528013 0.01 0.01
0 1.089889 0.519270 0.01 0.01
0 1.078557 0.497411 0.01 0.01
0 1.094248 0.497411 0.01 0.01
0 1.102094 0.495662 0.01 0.01
0 1.109067 0.482547 0.01 0.01
0 1.109067 0.470306 0.01 0.01
0 1.102965 0.452819 0.01 0.01
0 1.085531 0.449322 0.01 0.01
0 1.077685 0.436206 0.01 0.01
0 1.070711 0.456316 0.01 0.01
0 1.116913 0.494788 0.01 0.01
0 1.127374 0.501783 0.01 0.01
0 1.122144 0.509652 0.01 0.01
0 1.121272 0.519270 0.01 0.01
0 1.121272 0.534134 0.01 0.01
0 1.148296 0.513149 0.01 0.01
0 1.148296 0.520144 0.01 0.01
0 1.148296 0.529762 0.01 0.01
0 1.152654 0.538506 0.01 0.01
0 1.148296 0.500034 0.01 0.01
0 1.143065 0.493039 0.01 0.01
0 1.136963 0.482547 0.01 0.01
0 1.135220 0.470306 0.01 0.01
0 1.134348 0.460688 0.01 0.01
0 1.126502 0.455442 0.01 0.01
0 1.124759 0.442327 0.01 0.01
0 1.139578 0.437081 0.01 0.01
0 1.132604 0.423091 0.01 0.01
0 1.105581 0.426588 0.01 0.01
0 1.110811 0.409101 0.01 0.01
0 1.082915 0.414347 0.01 0.01
0 1.078557 0.403855 0.01 0.01
0 1.068968 0.395986 0.01 0.01
0 1.065481 0.381122 0.01 0.01
0 1.041944 0.396860 0.01 0.01
0 1.035842 0.389866 0.01 0.01
0 1.045431 0.370630 0.01 0.01
0 1.026253 0.370630 0.01 0.01
0 1.034970 0.365384 0.01 0.01
0 1.018407 0.392489 0.01 0.01
0 1.027996 0.354892 0.01 0.01
0 1.007946 0.356640 0.01 0.01
0 1.006203 0.349645 0.01 0.01
0 0.993127 0.338279 0.01 0.01
0 0.990511 0.351394 0.01 0.01
0 0.975692 0.328661 0.01 0.01
0 0.880673 0.298933 0.01 0.01
0 0.876314 0.304179 0.01 0.01
0 0.865853 0.296310 0.01 0.01
0 0.996614 0.310300 0.01 0.01
0 1.005331 0.315546 0.01 0.01
0 1.027124 0.311174 0.01 0.01
0 1.019279 0.322541 0.01 0.01
0 1.007946 0.331284 0.01 0.01
0 1.028868 0.331284 0.01 0.01
0 1.022766 0.337404 0.01 0.01
0 1.034098 0.337404 0.01 0.01
0 1.039329 0.332158 0.01 0.01
0 1.047174 0.311174 0.01 0.01
0 1.034098 0.306802 0.01 0.01
0 1.042816 0.291064 0.01 0.01
0 1.056763 0.305053 0.01 0.01
0 1.068968 0.294561 0.01 0.01
0 1.067224 0.314671 0.01 0.01
0 1.053276 0.327787 0.01 0.01
0 1.051533 0.337404 0.01 0.01
0 1.063737 0.333033 0.01 0.01
0 1.075942 0.333907 0.01 0.01
0 1.089889 0.333907 0.01 0.01
0 1.091633 0.322541 0.01 0.01
0 1.086402 0.301556 0.01 0.01
0 1.109939 0.323415 0.01 0.01
0 1.122144 0.323415 0.01 0.01
0 1.104709 0.333033 0.01 0.01
0 1.104709 0.352268 0.01 0.01
0 1.086402 0.354892 0.01 0.01
0 1.074198 0.360138 0.01 0.01
0 1.058507 0.359263 0.01 0.01
0 1.051533 0.353143 0.01 0.01
0 1.087274 0.372379 0.01 0.01
0 1.095991 0.371504 0.01 0.01
0 1.082044 0.380248 0.01 0.01
0 1.089018 0.398609 0.01 0.01
0 1.104709 0.374127 0.01 0.01
0 1.113426 0.361886 0.01 0.01
0 1.124759 0.359263 0.01 0.01
0 1.140450 0.357515 0.01 0.01
0 1.136091 0.340028 0.01 0.01
0 1.129117 0.333907 0.01 0.01
0 1.150911 0.353143 0.01 0.01
0 1.149167 0.376750 0.01 0.01
0 1.149167 0.384620 0.01 0.01
0 1.125630 0.378499 0.01 0.01
0 1.116041 0.386368 0.01 0.01
0 1.112554 0.397735 0.01 0.01
0 1.134348 0.400358 0.01 0.01
0 1.142193 0.404730 0.01 0.01
0 1.139578 0.416971 0.01 0.01
0 1.154398 0.446699 0.01 0.01
0 1.154398 0.457191 0.01 0.01
0 1.164859 0.457191 0.01 0.01
0 1.163987 0.465060 0.01 0.01
0 1.163115 0.474678 0.01 0.01
0 1.166602 0.500908 0.01 0.01
0 1.176191 0.493914 0.01 0.01
0 1.182293 0.529762 0.01 0.01
0 1.184908 0.542003 0.01 0.01
0 1.131733 0.546375 0.01 0.01
0 1.132604 0.564736 0.01 0.01
0 1.119528 0.565610 0.01 0.01
0 1.149167 0.579600 0.01 0.01
0 1.163115 0.563862 0.01 0.01
0 1.164859 0.590092 0.01 0.01
0 1.173576 0.583972 0.01 0.01
0 1.181422 0.569108 0.01 0.01
0 1.171832 0.635559 0.01 0.01
0 1.169217 0.647800 0.01 0.01
0 1.160500 0.681025 0.01 0.01
0 1.164859 0.692392 0.01 0.01
0 1.171832 0.699386 0.01 0.01
0 1.153526 0.700261 0.01 0.01
0 1.151783 0.727366 0.01 0.01
0 1.122144 0.735235 0.01 0.01
0 1.127374 0.747476 0.01 0.01
0 1.118657 0.752722 0.01 0.01
0 1.186652 0.728240 0.01 0.01
0 1.172704 0.725617 0.01 0.01
0 1.202343 0.718622 0.01 0.01
0 1.213676 0.729989 0.01 0.01
0 1.195369 0.695015 0.01 0.01
0 1.180550 0.678402 0.01 0.01
0 1.207574 0.676653 0.01 0.01
0 1.204087 0.653046 0.01 0.01
0 1.198856 0.632936 0.01 0.01
0 1.208445 0.616323 0.01 0.01
0 1.189267 0.612825 0.01 0.01
0 1.218034 0.604956 0.01 0.01
0 1.202343 0.571731 0.01 0.01
0 1.218034 0.577851 0.01 0.01
0 1.212804 0.569982 0.01 0.01
0 1.218906 0.558616 0.01 0.01
0 1.213676 0.545500 0.01 0.01
0 1.213676 0.535008 0.01 0.01
0 1.213676 0.521018 0.01 0.01
0 1.213676 0.510526 0.01 0.01
0 1.200600 0.507029 0.01 0.01
0 1.199728 0.490416 0.01 0.01
0 1.189267 0.481673 0.01 0.01
0 1.187524 0.468557 0.01 0.01
0 1.180550 0.454568 0.01 0.01
0 1.170089 0.437081 0.01 0.01
0 1.162243 0.430086 0.01 0.01
0 1.166602 0.419594 0.01 0.01
0 1.161372 0.391614 0.01 0.01
0 1.170089 0.375876 0.01 0.01
0 1.160500 0.365384 0.01 0.01
0 1.173576 0.347897 0.01 0.01
0 1.163115 0.335656 0.01 0.01
0 1.157885 0.331284 0.01 0.01
0 1.157885 0.320792 0.01 0.01
0 1.159628 0.312923 0.01 0.01
0 1.161372 0.305053 0.01 0.01
0 1.157885 0.292813 0.01 0.01
0 1.150911 0.288441 0.01 0.01
0 1.148296 0.283195 0.01 0.01
0 1.138706 0.274451 0.01 0.01
0 1.135220 0.293687 0.01 0.01
0 1.133476 0.306802 0.01 0.01
0 1.136091 0.311174 0.01 0.01
0 1.150911 0.320792 0.01 0.01
0 1.125630 0.286692 0.01 0.01
0 1.117785 0.275325 0.01 0.01
0 1.109939 0.281446 0.01 0.01
0 1.102965 0.291064 0.01 0.01
0 1.115170 0.300682 0.01 0.01
0 1.127374 0.261336 0.01 0.01
0 1.173576 0.283195 0.01 0.01
0 1.170961 0.275325 0.01 0.01
0 1.174448 0.292813 0.01 0.01
0 1.187524 0.293687 0.01 0.01
0 1.176191 0.299807 0.01 0.01
0 1.180550 0.313797 0.01 0.01
0 1.180550 0.322541 0.01 0.01
0 1.184037 0.305928 0.01 0.01
0 1.201471 0.314671 0.01 0.01
0 1.204087 0.298933 0.01 0.01
0 1.212804 0.325164 0.01 0.01
0 1.203215 0.348771 0.01 0.01
0 1.187524 0.343525 0.01 0.01
0 1.187524 0.356640 0.01 0.01
0 1.186652 0.371504 0.01 0.01
0 1.194498 0.379373 0.01 0.01
0 1.201471 0.370630 0.01 0.01
0 1.213676 0.362761 0.01 0.01
0 1.223265 0.354017 0.01 0.01
0 1.205830 0.401232 0.01 0.01
0 1.188395 0.395986 0.01 0.01
0 1.181422 0.392489 0.01 0.01
0 1.193626 0.420468 0.01 0.01
0 1.199728 0.437081 0.01 0.01
0 1.213676 0.420468 0.01 0.01
0 1.220650 0.431835 0.01 0.01
0 1.232854 0.438829 0.01 0.01
0 1.232854 0.450196 0.01 0.01
0 1.224137 0.461563 0.01 0.01
0 1.207574 0.458065 0.01 0.01
0 1.211061 0.469432 0.01 0.01
0 1.215419 0.483421 0.01 0.01
0 1.223265 0.499160 0.01 0.01
0 1.231982 0.493914 0.01 0.01
0 1.241571 0.505280 0.01 0.01
0 1.235469 0.520144 0.01 0.01
0 1.238956 0.529762 0.01 0.01
0 1.240700 0.541129 0.01 0.01
0 1.245058 0.558616 0.01 0.01
0 1.253776 0.575228 0.01 0.01
0 1.225880 0.577851 0.01 0.01
0 1.244186 0.593590 0.01 0.01
0 1.245930 0.614574 0.01 0.01
0 1.244186 0.631187 0.01 0.01
0 1.232854 0.633810 0.01 0.01
0 1.236341 0.648674 0.01 0.01
0 1.230239 0.667910 0.01 0.01
0 1.229367 0.686271 0.01 0.01
0 1.221521 0.709879 0.01 0.01
0 1.231110 0.724743 0.01 0.01
0 1.242443 0.722994 0.01 0.01
0 1.264236 0.732612 0.01 0.01
0 1.247673 0.706381 0.01 0.01
0 1.252032 0.692392 0.01 0.01
0 1.276441 0.687145 0.01 0.01
0 1.274697 0.696763 0.01 0.01
0 1.278184 0.715999 0.01 0.01
0 1.286030 0.739607 0.01 0.01
0 1.313925 0.703758 0.01 0.01
0 1.293004 0.696763 0.01 0.01
0 1.299978 0.674904 0.01 0.01
0 1.290388 0.667910 0.01 0.01
0 1.259006 0.663538 0.01 0.01
0 1.260749 0.653920 0.01 0.01
0 1.259878 0.637307 0.01 0.01
0 1.278184 0.628564 0.01 0.01
0 1.297362 0.630313 0.01 0.01
0 1.303465 0.618946 0.01 0.01
0 1.273825 0.604082 0.01 0.01
0 1.285158 0.597961 0.01 0.01
0 1.295619 0.587469 0.01 0.01
0 1.275569 0.560364 0.01 0.01
0 1.273825 0.543752 0.01 0.01
0 1.258134 0.532385 0.01 0.01
0 1.262493 0.519270 0.01 0.01
0 1.271210 0.511401 0.01 0.01
0 1.250289 0.497411 0.01 0.01
0 1.245930 0.486044 0.01 0.01
0 1.234597 0.474678 0.01 0.01
0 1.252032 0.458065 0.01 0.01
0 1.261621 0.432709 0.01 0.01
0 1.261621 0.443201 0.01 0.01
0 1.243315 0.432709 0.01 0.01
0 1.241571 0.423965 0.01 0.01
0 1.241571 0.401232 0.01 0.01
0 1.255519 0.389866 0.01 0.01
0 1.272954 0.398609 0.01 0.01
0 1.261621 0.374127 0.01 0.01
0 1.253776 0.353143 0.01 0.01
0 1.239828 0.357515 0.01 0.01
0 1.231110 0.341776 0.01 0.01
0 1.252904 0.337404 0.01 0.01
0 1.256391 0.317294 0.01 0.01
0 1.244186 0.321666 0.01 0.01
0 1.231110 0.318169 0.01 0.01
0 1.244186 0.307677 0.01 0.01
0 1.214547 0.308551 0.01 0.01
0 1.223265 0.291064 0.01 0.01
0 1.248545 0.296310 0.01 0.01
0 1.238956 0.298059 0.01 0.01
0 1.200600 0.281446 0.01 0.01
0 1.225008 0.282320 0.01 0.01
0 1.211932 0.274451 0.01 0.01
0 1.202343 0.264833 0.01 0.01
0 1.194498 0.274451 0.01 0.01
0 1.186652 0.263085 0.01 0.01
0 1.156141 0.262210 0.01 0.01
0 1.302593 0.369756 0.01 0.01
0 1.279056 0.370630 0.01 0.01
0 1.288645 0.387243 0.01 0.01
0 1.310438 0.384620 0.01 0.01
0 1.311310 0.395112 0.01 0.01
0 1.313925 0.405604 0.01 0.01
0 1.298234 0.423091 0.01 0.01
0 1.286902 0.429211 0.01 0.01
0 1.275569 0.422217 0.01 0.01
0 1.287773 0.452819 0.01 0.01
0 1.297362 0.439704 0.01 0.01
0 1.312182 0.437081 0.01 0.01
0 1.332232 0.433583 0.01 0.01
0 1.279056 0.465060 0.01 0.01
0 1.276441 0.478175 0.01 0.01
0 1.273825 0.487793 0.01 0.01
0 1.264236 0.484296 0.01 0.01
0 1.255519 0.472055 0.01 0.01
0 1.293004 0.507903 0.01 0.01
0 1.295619 0.521018 0.01 0.01
0 1.302593 0.528013 0.01 0.01
0 1.287773 0.528013 0.01 0.01
0 1.303465 0.542877 0.01 0.01
0 1.298234 0.564736 0.01 0.01
0 1.280799 0.570857 0.01 0.01
0 1.311310 0.566485 0.01 0.01
0 1.319156 0.595338 0.01 0.01
0 1.313925 0.633810 0.01 0.01
0 1.297362 0.651297 0.01 0.01
0 1.316541 0.660915 0.01 0.01
0 1.314797 0.674904 0.01 0.01
0 1.319156 0.685397 0.01 0.01
0 1.331360 0.683648 0.01 0.01
0 1.349666 0.680151 0.01 0.01
0 1.365358 0.681025 0.01 0.01
0 1.372332 0.698512 0.01 0.01
0 1.348795 0.712502 0.01 0.01
0 1.361871 0.730863 0.01 0.01
0 1.328745 0.747476 0.01 0.01
0 1.327873 0.740481 0.01 0.01
0 1.361871 0.751847 0.01 0.01
0 1.389766 0.743978 0.01 0.01
0 1.393253 0.734360 0.01 0.01
0 1.381049 0.730863 0.01 0.01
0 1.399355 0.705507 0.01 0.01
0 1.395868 0.684522 0.01 0.01
0 1.368845 0.660041 0.01 0.01
0 1.340077 0.660915 0.01 0.01
0 1.340077 0.651297 0.01 0.01
0 1.324386 0.646051 0.01 0.01
0 1.341821 0.632936 0.01 0.01
0 1.326130 0.625066 0.01 0.01
0 1.341821 0.611077 0.01 0.01
0 1.338334 0.594464 0.01 0.01
0 1.352282 0.601459 0.01 0.01
0 1.335719 0.580474 0.01 0.01
0 1.331360 0.564736 0.01 0.01
0 1.321771 0.556867 0.01 0.01
0 1.327873 0.545500 0.01 0.01
0 1.323514 0.514898 0.01 0.01
0 1.323514 0.524516 0.01 0.01
0 1.310438 0.494788 0.01 0.01
0 1.300849 0.499160 0.01 0.01
0 1.299106 0.486044 0.01 0.01
0 1.290388 0.476427 0.01 0.01
0 1.298234 0.467683 0.01 0.01
0 1.306951 0.464186 0.01 0.01
0 1.320899 0.458065 0.01 0.01
0 1.319156 0.468557 0.01 0.01
0 1.329617 0.478175 0.01 0.01
0 1.347923 0.478175 0.01 0.01
0 1.361871 0.482547 0.01 0.01
0 1.350538 0.465060 0.01 0.01
0 1.339206 0.458939 0.01 0.01
0 1.348795 0.454568 0.01 0.01
0 1.347051 0.444075 0.01 0.01
0 1.354897 0.436206 0.01 0.01
0 1.372332 0.448447 0.01 0.01
0 1.371460 0.459814 0.01 0.01
0 1.383664 0.455442 0.01 0.01
0 1.381049 0.474678 0.01 0.01
0 1.387151 0.487793 0.01 0.01
0 1.381049 0.495662 0.01 0.01
0 1.374075 0.509652 0.01 0.01
0 1.354897 0.520144 0.01 0.01
0 1.352282 0.529762 0.01 0.01
0 1.355769 0.549872 0.01 0.01
0 1.351410 0.563862 0.01 0.01
0 1.359256 0.573480 0.01 0.01
0 1.359256 0.588344 0.01 0.01
0 1.374947 0.565610 0.01 0.01
0 1.389766 0.575228 0.01 0.01
0 1.372332 0.604956 0.01 0.01
0 1.363614 0.623318 0.01 0.01
0 1.371460 0.630313 0.01 0.01
0 1.362743 0.641679 0.01 0.01
0 1.386279 0.653046 0.01 0.01
0 1.396740 0.650423 0.01 0.01
0 1.396740 0.631187 0.01 0.01
0 1.406329 0.626815 0.01 0.01
0 1.419405 0.649548 0.01 0.01
0 1.431610 0.644302 0.01 0.01
0 1.445557 0.630313 0.01 0.01
0 1.434225 0.618946 0.01 0.01
0 1.440327 0.610202 0.01 0.01
0 1.436840 0.599710 0.01 0.01
0 1.387151 0.602333 0.01 0.01
0 1.400227 0.551621 0.01 0.01
0 1.410688 0.555993 0.01 0.01
0 1.428123 0.557741 0.01 0.01
0 1.440327 0.568234 0.01 0.01
0 1.375819 0.546375 0.01 0.01
0 1.376690 0.533259 0.01 0.01
0 1.402842 0.528013 0.01 0.01
0 1.382792 0.524516 0.01 0.01
0 1.399355 0.514898 0.01 0.01
0 1.408073 0.514898 0.01 0.01
0 1.433353 0.519270 0.01 0.01
0 1.432481 0.501783 0.01 0.01
0 1.447301 0.506154 0.01 0.01
0 1.408944 0.505280 0.01 0.01
0 1.410688 0.487793 0.01 0.01
0 1.422892 0.474678 0.01 0.01
0 1.427251 0.458939 0.01 0.01
0 1.438584 0.454568 0.01 0.01
0 1.400227 0.461563 0.01 0.01
0 1.417662 0.460688 0.01 0.01
0 1.409816 0.448447 0.01 0.01
0 1.409816 0.425714 0.01 0.01
0 1.437712 0.429211 0.01 0.01
0 1.425507 0.420468 0.01 0.01
0 1.423764 0.395112 0.01 0.01
0 1.443814 0.394237 0.01 0.01
0 1.382792 0.427463 0.01 0.01
0 1.400227 0.417845 0.01 0.01
0 1.394125 0.418719 0.01 0.01
0 1.388895 0.398609 0.01 0.01
0 1.368845 0.401232 0.01 0.01
0 1.374075 0.420468 0.01 0.01
0 1.344436 0.409976 0.01 0.01
0 1.324386 0.406478 0.01 0.01
0 1.411560 0.366258 0.01 0.01
0 1.414175 0.381122 0.01 0.01
0 1.421149 0.362761 0.01 0.01
0 1.381049 0.374127 0.01 0.01
0 1.381049 0.361012 0.01 0.01
0 1.388895 0.370630 0.01 0.01
0 1.428994 0.351394 0.01 0.01
0 1.425507 0.333907 0.01 0.01
0 1.420277 0.323415 0.01 0.01
0 1.435968 0.326912 0.01 0.01
0 1.387151 0.314671 0.01 0.01
0 1.402842 0.309425 0.01 0.01
0 1.415047 0.292813 0.01 0.01
0 1.420277 0.307677 0.01 0.01
0 1.428123 0.279697 0.01 0.01
0 1.412431 0.270954 0.01 0.01
0 1.391510 0.280572 0.01 0.01
0 1.386279 0.265708 0.01 0.01
0 1.361871 0.298059 0.01 0.01
0 1.375819 0.296310 0.01 0.01
0 1.367973 0.270954 0.01 0.01
0 1.339206 0.292813 0.01 0.01
0 1.330488 0.282320 0.01 0.01
0 1.312182 0.290189 0.01 0.01
0 1.273825 0.316420 0.01 0.01
0 1.275569 0.303305 0.01 0.01
0 1.295619 0.284069 0.01 0.01
0 1.286030 0.278823 0.01 0.01
0 1.272082 0.278823 0.01 0.01
0 1.263365 0.266582 0.01 0.01
0 1.251160 0.280572 0.01 0.01
0 1.242443 0.270954 0.01 0.01
0 1.435097 0.759717 0.01 0.01
0 1.421149 0.754471 0.01 0.01
0 1.391510 0.761465 0.01 0.01
0 1.427251 0.681025 0.01 0.01
0 1.431610 0.717748 0.01 0.01
0 1.445557 0.722120 0.01 0.01
0 1.227563 0.258713 0.01 0.01
0 1.234537 0.256964 0.01 0.01
0 1.245870 0.256964 0.01 0.01
0 1.260689 0.256090 0.01 0.01
0 1.271150 0.258713 0.01 0.01
0 1.285969 0.257838 0.01 0.01
0 1.294687 0.267456 0.01 0.01
0 1.270278 0.289315 0.01 0.01
0 1.321711 0.267456 0.01 0.01
0 1.337402 0.254341 0.01 0.01
0 1.342632 0.251718 0.01 0.01
0 1.480366 0.259587 0.01 0.01
0 1.471649 0.272702 0.01 0.01
0 1.453343 0.284069 0.01 0.01
0 1.445497 0.280572 0.01 0.01
0 1.455958 0.298933 0.01 0.01
0 1.453343 0.312048 0.01 0.01
0 1.475136 0.299807 0.01 0.01
0 1.503903 0.289315 0.01 0.01
0 1.517851 0.288441 0.01 0.01
0 1.499545 0.276200 0.01 0.01
0 1.490827 0.266582 0.01 0.01
0 1.504775 0.261336 0.01 0.01
0 1.512621 0.271828 0.01 0.01
0 1.537901 0.233357 0.01 0.01
0 1.508262 0.342651 0.01 0.01
0 1.503032 0.354892 0.01 0.01
0 1.492571 0.354017 0.01 0.01
0 1.498673 0.361886 0.01 0.01
0 1.487340 0.362761 0.01 0.01
0 1.474264 0.356640 0.01 0.01
0 1.441138 0.367132 0.01 0.01
0 1.448984 0.338279 0.01 0.01
0 1.463803 0.319917 0.01 0.01
0 1.496058 0.314671 0.01 0.01
0 1.512621 0.319917 0.01 0.01
0 1.486469 0.335656 0.01 0.01
0 1.501288 0.329535 0.01 0.01
0 1.475136 0.343525 0.01 0.01
0 1.478623 0.319043 0.01 0.01
0 1.455086 0.386368 0.01 0.01
0 1.452471 0.422217 0.01 0.01
0 1.468162 0.417845 0.01 0.01
0 1.476008 0.395112 0.01 0.01
0 1.487340 0.386368 0.01 0.01
0 1.500416 0.389866 0.01 0.01
0 1.510877 0.389866 0.01 0.01
0 1.523081 0.383745 0.01 0.01
0 1.529184 0.372379 0.01 0.01
0 1.523953 0.364509 0.01 0.01
0 1.510877 0.406478 0.01 0.01
0 1.510877 0.430086 0.01 0.01
0 1.499545 0.424840 0.01 0.01
0 1.485597 0.435332 0.01 0.01
0 1.466419 0.434458 0.01 0.01
0 1.460317 0.449322 0.01 0.01
0 1.454214 0.458939 0.01 0.01
0 1.455958 0.473803 0.01 0.01
0 1.470777 0.454568 0.01 0.01
0 1.480366 0.464186 0.01 0.01
0 1.507390 0.453693 0.01 0.01
0 1.514364 0.442327 0.01 0.01
0 1.521338 0.471180 0.01 0.01
0 1.527440 0.495662 0.01 0.01
0 1.512621 0.488667 0.01 0.01
0 1.504775 0.499160 0.01 0.01
0 1.489084 0.484296 0.01 0.01
0 1.480366 0.477301 0.01 0.01
0 1.492571 0.499160 0.01 0.01
0 1.478623 0.507029 0.01 0.01
0 1.456830 0.518395 0.01 0.01
0 1.445497 0.526265 0.01 0.01
0 1.472521 0.488667 0.01 0.01
0 1.458573 0.494788 0.01 0.01
0 1.442010 0.489542 0.01 0.01
0 1.485597 0.553370 0.01 0.01
0 1.506519 0.548998 0.01 0.01
0 1.525697 0.540254 0.01 0.01
0 1.467290 0.562113 0.01 0.01
0 1.479495 0.572605 0.01 0.01
0 1.480366 0.583972 0.01 0.01
0 1.509134 0.594464 0.01 0.01
0 1.449856 0.555993 0.01 0.01
0 1.086342 0.291064 0.01 0.01
0 0.583960 0.722557 0.01 0.01
0 0.604881 0.703321 0.01 0.01
0 0.616214 0.712939 0.01 0.01
0 0.637136 0.692829 0.01 0.01
0 0.651955 0.684085 0.01 0.01
0 0.661544 0.694577 0.01 0.01
0 0.678979 0.683211 0.01 0.01
0 0.652827 0.712939 0.01 0.01
0 0.656314 0.724305 0.01 0.01
0 0.661544 0.734798 0.01 0.01
0 0.641494 0.733923 0.01 0.01
0 0.631905 0.733923 0.01 0.01
0 0.602266 0.735672 0.01 0.01
0 0.578729 0.761028 0.01 0.01
0 0.571755 0.788133 0.01 0.01
0 0.577858 0.775892 0.01 0.01
0 0.458430 0.782887 0.01 0.01
0 0.597908 0.872071 0.01 0.01
0 0.609240 0.866825 0.01 0.01
0 0.604881 0.842343 0.01 0.01
0 0.597036 0.823982 0.01 0.01
0 0.583960 0.800374 0.01 0.01
0 0.613599 0.796877 0.01 0.01
0 0.604010 0.779390 0.01 0.01
0 0.595292 0.770646 0.01 0.01
0 0.608368 0.766274 0.01 0.01
0 0.621444 0.766274 0.01 0.01
0 0.643238 0.769772 0.01 0.01
0 0.649340 0.779390 0.01 0.01
0 0.643238 0.802123 0.01 0.01
0 0.634520 0.817861 0.01 0.01
0 0.627547 0.870322 0.01 0.01
0 0.615342 0.886061 0.01 0.01
0 0.633649 0.846715 0.01 0.01
0 0.639751 0.918412 0.01 0.01
0 0.650212 0.911417 0.01 0.01
0 0.649340 0.886061 0.01 0.01
0 0.660673 0.886935 0.01 0.01
0 0.663288 0.850212 0.01 0.01
0 0.663288 0.828353 0.01 0.01
0 0.658929 0.816112 0.01 0.01
0 0.666775 0.785510 0.01 0.01
0 0.674620 0.775892 0.01 0.01
0 0.662416 0.760154 0.01 0.01
0 0.683338 0.761028 0.01 0.01
0 0.706003 0.766274 0.01 0.01
0 0.736513 0.782013 0.01 0.01
0 0.758307 0.778515 0.01 0.01
0 0.689440 0.810866 0.01 0.01
0 0.678107 0.798625 0.01 0.01
0 0.708618 0.803871 0.01 0.01
0 0.717335 0.815238 0.01 0.01
0 0.729540 0.828353 0.01 0.01
0 0.704259 0.831851 0.01 0.01
0 0.687696 0.827479 0.01 0.01
0 0.689440 0.844092 0.01 0.01
0 0.692927 0.866825 0.01 0.01
0 0.685953 0.896553 0.01 0.01
0 0.696414 0.906171 0.01 0.01
0 0.706874 0.900050 0.01 0.01
0 0.719951 0.877317 0.01 0.01
0 0.747846 0.848463 0.01 0.01
0 0.716464 0.850212 0.01 0.01
0 0.741744 0.799500 0.01 0.01
0 0.744359 0.814364 0.01 0.01
0 0.768768 0.812615 0.01 0.01
0 0.787074 0.806495 0.01 0.01
0 0.790561 0.790756 0.01 0.01
0 0.804509 0.802997 0.01 0.01
0 0.815841 0.804746 0.01 0.01
0 0.820200 0.775892 0.01 0.01
0 0.835891 0.774143 0.01 0.01
0 0.806252 0.820484 0.01 0.01
0 0.769639 0.836222 0.01 0.01
0 0.774870 0.855458 0.01 0.01
0 0.754820 0.867699 0.01 0.01
0 0.748718 0.893055 0.01 0.01
0 0.733027 0.906171 0.01 0.01
0 0.712105 0.930653 0.01 0.01
0 0.702516 0.956009 0.01 0.01
0 0.683338 0.961255 0.01 0.01
0 0.665031 0.961255 0.01 0.01
0 0.666775 0.973496 0.01 0.01
0 0.690312 0.976119 0.01 0.01
0 0.706003 0.972621 0.01 0.01
0 0.703388 0.988360 0.01 0.01
0 0.719079 0.988360 0.01 0.01
0 0.726924 0.969998 0.01 0.01
0 0.750461 0.972621 0.01 0.01
0 0.749590 0.951637 0.01 0.01
0 0.747846 0.928904 0.01 0.01
0 0.764409 0.920160 0.01 0.01
0 0.780972 0.928904 0.01 0.01
0 0.800150 0.928029 0.01 0.01
0 0.816713 0.921035 0.01 0.01
0 0.789689 0.951637 0.01 0.01
0 0.780972 0.971747 0.01 0.01
0 0.823687 0.976993 0.01 0.01
0 0.814970 0.951637 0.01 0.01
0 0.844609 0.989234 0.01 0.01
0 0.862915 0.970873 0.01 0.01
0 0.892554 0.975245 0.01 0.01
0 0.891682 0.953386 0.01 0.01
0 0.887324 0.940270 0.01 0.01
0 0.870761 0.913166 0.01 0.01
0 0.844609 0.894804 0.01 0.01
0 0.828917 0.912291 0.01 0.01
0 0.816713 0.887809 0.01 0.01
0 0.837635 0.874694 0.01 0.01
0 0.798407 0.881689 0.01 0.01
0 0.775742 0.888684 0.01 0.01
0 0.807124 0.851961 0.01 0.01
0 0.842865 0.855458 0.01 0.01
0 0.866402 0.829228 0.01 0.01
0 0.856813 0.820484 0.01 0.01
0 0.848096 0.808243 0.01 0.01
0 0.853326 0.780264 0.01 0.01
0 0.897785 0.778515 0.01 0.01
0 0.885580 0.770646 0.01 0.01
0 0.901271 0.794254 0.01 0.01
0 0.886452 0.794254 0.01 0.01
0 0.882093 0.811741 0.01 0.01
0 0.902143 0.810866 0.01 0.01
0 0.893426 0.836222 0.01 0.01
0 0.875119 0.847589 0.01 0.01
0 0.866402 0.874694 0.01 0.01
0 0.885580 0.889558 0.01 0.01
0 0.902143 0.906171 0.01 0.01
0 0.921321 0.933276 0.01 0.01
0 0.927424 0.947265 0.01 0.01
0 0.927424 0.960381 0.01 0.01
0 0.957063 0.968250 0.01 0.01
0 0.963165 0.952511 0.01 0.01
0 0.952704 0.935899 0.01 0.01
0 0.950089 0.902673 0.01 0.01
0 0.938756 0.875568 0.01 0.01
0 0.924808 0.836222 0.01 0.01
0 0.930911 0.793379 0.01 0.01
0 0.930039 0.775892 0.01 0.01
0 0.951832 0.769772 0.01 0.01
0 0.972754 0.808243 0.01 0.01
0 0.964036 0.841469 0.01 0.01
0 0.977984 0.867699 0.01 0.01
0 0.972754 0.903548 0.01 0.01
0 0.991932 0.900925 0.01 0.01
0 0.996291 0.946391 0.01 0.01
0 0.984958 0.919286 0.01 0.01
0 1.020699 0.921035 0.01 0.01
0 1.038134 0.934150 0.01 0.01
0 1.028545 0.954260 0.01 0.01
0 0.991060 0.971747 0.01 0.01
0 0.924808 0.990109 0.01 0.01
0 0.968395 0.991857 0.01 0.01
0 1.015469 0.998852 0.01 0.01
0 1.066030 0.989234 0.01 0.01
0 1.044236 0.979616 0.01 0.01
0 1.059927 0.945517 0.01 0.01
0 1.093053 0.951637 0.01 0.01
0 1.082592 0.932401 0.01 0.01
0 1.134025 0.953386 0.01 0.01
0 1.120949 0.960381 0.01 0.01
0 1.102642 0.983114 0.01 0.01
0 1.144486 0.983114 0.01 0.01
0 1.198533 0.980491 0.01 0.01
0 1.168894 0.953386 0.01 0.01
0 1.197662 0.932401 0.01 0.01
0 1.158433 0.939396 0.01 0.01
0 1.146229 0.926281 0.01 0.01
0 1.153203 0.887809 0.01 0.01
0 1.184586 0.896553 0.01 0.01
0 1.113975 0.892181 0.01 0.01
0 1.129666 0.876443 0.01 0.01
0 1.147973 0.871197 0.01 0.01
0 1.154947 0.841469 0.01 0.01
0 1.180227 0.830102 0.01 0.01
0 1.110488 0.826605 0.01 0.01
0 1.063414 0.853710 0.01 0.01
0 1.030288 0.848463 0.01 0.01
0 1.009367 0.830102 0.01 0.01
0 0.992804 0.831851 0.01 0.01
0 1.000649 0.856333 0.01 0.01
0 0.995419 0.801248 0.01 0.01
0 0.997162 0.779390 0.01 0.01
0 1.027673 0.785510 0.01 0.01
0 1.030288 0.800374 0.01 0.01
0 1.031160 0.831851 0.01 0.01
0 1.058184 0.801248 0.01 0.01
0 1.059056 0.825730 0.01 0.01
0 1.063414 0.787259 0.01 0.01
0 1.088695 0.782887 0.01 0.01
0 1.084336 0.766274 0.01 0.01
0 1.067773 0.764526 0.01 0.01
0 1.042493 0.763651 0.01 0.01
0 1.097412 0.797751 0.01 0.01
0 1.120949 0.782887 0.01 0.01
0 1.142742 0.764526 0.01 0.01
0 1.105258 0.764526 0.01 0.01
0 1.095669 0.754908 0.01 0.01
0 1.169766 0.769772 0.01 0.01
0 1.153203 0.783761 0.01 0.01
0 1.186329 0.782887 0.01 0.01
0 1.134897 0.806495 0.01 0.01
0 1.206379 0.790756 0.01 0.01
0 1.212744 0.768897 0.01 0.01
0 1.234537 0.768023 0.01 0.01
0 1.250228 0.772395 0.01 0.01
0 1.245870 0.814364 0.01 0.01
0 1.229307 0.791631 0.01 0.01
0 1.223204 0.830976 0.01 0.01
0 1.198796 0.829228 0.01 0.01
0 1.249357 0.832725 0.01 0.01
0 1.268535 0.842343 0.01 0.01
0 1.290328 0.855458 0.01 0.01
0 1.283354 0.843217 0.01 0.01
0 1.272893 0.867699 0.01 0.01
0 1.258074 0.899176 0.01 0.01
0 1.238896 0.889558 0.01 0.01
0 1.223204 0.889558 0.01 0.01
0 1.209257 0.881689 0.01 0.01
0 1.202283 0.889558 0.01 0.01
0 1.237152 0.982239 0.01 0.01
0 1.311250 0.926281 0.01 0.01
0 1.326941 0.906171 0.01 0.01
0 1.352221 0.900050 0.01 0.01
0 1.326069 0.882563 0.01 0.01
0 1.328684 0.860704 0.01 0.01
0 1.357452 0.840594 0.01 0.01
0 1.375758 0.839720 0.01 0.01
0 1.408884 0.847589 0.01 0.01
0 1.386219 0.938522 0.01 0.01
0 1.389706 0.910542 0.01 0.01
0 1.371400 0.941145 0.01 0.01
0 1.442882 0.949014 0.01 0.01
0 1.457701 0.981365 0.01 0.01
0 1.457701 1.005847 0.01 0.01
0 1.489084 0.988360 0.01 0.01
0 1.490827 0.966501 0.01 0.01
0 1.492571 0.958632 0.01 0.01
0 1.516108 0.962129 0.01 0.01
0 1.517851 0.935024 0.01 0.01
0 1.497801 0.915789 0.01 0.01
0 1.483853 0.935024 0.01 0.01
0 1.463803 0.924532 0.01 0.01
0 1.455958 0.893055 0.01 0.01
0 1.536158 0.919286 0.01 0.01
0 1.531799 0.908794 0.01 0.01
0 1.440267 0.863327 0.01 0.01
0 1.365297 0.882563 0.01 0.01
0 1.266791 0.803871 0.01 0.01
0 1.284226 0.780264 0.01 0.01
0 1.292943 0.761903 0.01 0.01
0 1.313865 0.761028 0.01 0.01
0 1.358323 0.775018 0.01 0.01
0 1.385347 0.789007 0.01 0.01
0 1.394065 0.802123 0.01 0.01
0 1.412371 0.814364 0.01 0.01
0 1.418473 0.823107 0.01 0.01
0 1.440267 0.789882 0.01 0.01
0 1.419345 0.782013 0.01 0.01
0 1.441138 0.817861 0.01 0.01
0 1.454214 0.835348 0.01 0.01
0 1.469034 0.820484 0.01 0.01
0 1.477751 0.852835 0.01 0.01
0 1.496058 0.833599 0.01 0.01
0 1.508262 0.844966 0.01 0.01
0 1.537901 0.833599 0.01 0.01
0 1.482982 0.796002 0.01 0.01
0 1.463803 0.782887 0.01 0.01
0 1.448112 0.775018 0.01 0.01
0 1.448112 0.756656 0.01 0.01
0 1.464675 0.762777 0.01 0.01
0 1.486469 0.771520 0.01 0.01
0 1.492571 0.762777 0.01 0.01
0 1.491699 0.747913 0.01 0.01
0 1.482982 0.737421 0.01 0.01
0 1.453343 0.729552 0.01 0.01
0 1.470777 0.711190 0.01 0.01
0 1.455086 0.677965 0.01 0.01
0 1.476880 0.670970 0.01 0.01
0 1.466419 0.633373 0.01 0.01
0 1.480366 0.606268 0.01 0.01
0 1.488212 0.618509 0.01 0.01
0 1.491699 0.629875 0.01 0.01
0 1.498673 0.649985 0.01 0.01
0 1.530055 0.630750 0.01 0.01
0 1.496929 0.663975 0.01 0.01
0 1.534414 0.692829 0.01 0.01
0 1.511749 0.695452 0.01 0.01
0 1.522210 0.708567 0.01 0.01
0 1.531799 0.721682 0.01 0.01
0 1.512621 0.737421 0.01 0.01
0 1.490827 0.708567 0.01 0.01
0 1.491699 0.730426 0.01 0.01
0 1.511749 0.754908 0.01 0.01
0 1.530927 0.757531 0.01 0.01
0 1.529184 0.795128 0.01 0.01
0 1.406269 0.936773 0.01 0.01
0 1.292072 0.801248 0.01 0.01
0 1.322582 0.802997 0.01 0.01
0 1.359195 0.801248 0.01 0.01
0 1.322582 0.837971 0.01 0.01
0 1.018852 0.477738 0.01 0.01
0 1.013622 0.463748 0.01 0.01
0 1.012750 0.484733 0.01 0.01
0 1.000546 0.552058 0.01 0.01
0 1.009263 0.551184 0.01 0.01
0 1.357452 0.317732 0.01 0.01
0 1.306891 0.351831 0.01 0.01
0 1.338274 0.381559 0.01 0.01
0 1.319967 0.365821 0.01 0.01
0 0.679045 0.332596 0.01 0.01
0 0.670328 0.336093 0.01 0.01
0 0.657252 0.336967 0.01 0.01
0 0.331505 0.793379 0.01 0.01
0 0.321916 0.756656 0.01 0.01
0 0.489289 0.833599 0.01 0.01
0 0.492776 0.821359 0.01 0.01
0 0.494519 0.789007 0.01 0.01
0 0.620921 0.650860 0.01 0.01
0 0.607845 0.652609 0.01 0.01
0 0.327181 0.237291 0.01 0.01
0 0.319335 0.230296 0.01 0.01
0 0.380357 0.225050 0.01 0.01
0 0.426559 0.254778 0.01 0.01
0 0.641006 0.078159 0.01 0.01
0 0.652338 0.076410 0.01 0.01
0 0.134528 0.070290 0.01 0.01
0 0.172012 0.038813 0.01 0.01
0 0.170269 0.030944 0.01 0.01
0 0.567780 0.093897 0.01 0.01
0 0.554704 0.096520 0.01 0.01
