0 0.084198 0.780571 0.01 0.01
0 0.140157 0.950519 0.01 0.01
0 0.171245 0.776426 0.01 0.01
0 0.270727 0.855183 0.01 0.01
0 0.411659 0.894561 0.01 0.01
0 0.544302 0.940157 0.01 0.01
0 0.355701 1.124613 0.01 0.01
0 0.602333 0.919431 0.01 0.01
0 0.604405 0.834457 0.01 0.01
0 0.390934 0.803369 0.01 0.01
0 0.227203 0.714250 0.01 0.01
0 0.803369 1.008551 0.01 0.01
0 0.946374 1.023058 0.01 0.01
0 0.938084 0.886271 0.01 0.01
0 0.778499 0.915286 0.01 0.01
0 0.761918 0.793007 0.01 0.01
0 1.329794 1.126685 0.01 0.01
0 1.474872 1.062437 0.01 0.01
0 1.035494 0.857255 0.01 0.01
0 0.931867 0.830312 0.01 0.01
0 1.147411 0.859328 0.01 0.01
0 0.660364 0.761918 0.01 0.01
0 0.602333 0.759846 0.01 0.01
0 0.457255 0.844820 0.01 0.01
0 0.266582 0.708032 0.01 0.01
0 0.115286 0.672799 0.01 0.01
0 0.788861 0.726685 0.01 0.01
0 1.018913 0.772281 0.01 0.01
0 1.108032 0.772281 0.01 0.01
0 1.414768 0.915286 0.01 0.01
0 1.336012 0.950519 0.01 0.01
0 1.429276 0.851038 0.01 0.01
0 1.530830 0.902851 0.01 0.01
0 1.300779 0.840675 0.01 0.01
0 0.562955 0.737048 0.01 0.01
0 0.496633 0.732903 0.01 0.01
0 0.380571 0.747411 0.01 0.01
0 0.434457 0.726685 0.01 0.01
0 0.401297 0.710105 0.01 0.01
0 0.055183 0.631348 0.01 0.01
0 0.059328 0.710105 0.01 0.01
0 0.088343 0.666582 0.01 0.01
0 0.146374 0.645856 0.01 0.01
0 0.241711 0.664509 0.01 0.01
0 0.633421 0.695597 0.01 0.01
0 0.811659 0.722540 0.01 0.01
0 0.844820 0.728758 0.01 0.01
0 0.938084 0.759846 0.01 0.01
0 0.855183 0.857255 0.01 0.01
0 0.021245 0.555183 0.01 0.01
0 0.019690 0.527203 0.01 0.01
0 0.031089 0.518395 0.01 0.01
0 0.039380 0.548447 0.01 0.01
0 0.051297 0.575390 0.01 0.01
0 0.026944 0.572799 0.01 0.01
0 0.005183 0.552592 0.01 0.01
0 0.074613 0.569172 0.01 0.01
0 0.076167 0.536012 0.01 0.01
0 0.067359 0.518395 0.01 0.01
0 0.063214 0.525131 0.01 0.01
0 0.094302 0.525649 0.01 0.01
0 0.089639 0.568654 0.01 0.01
0 0.108292 0.579535 0.01 0.01
0 0.118136 0.551556 0.01 0.01
0 0.128499 0.565545 0.01 0.01
0 0.134716 0.579535 0.01 0.01
0 0.156996 0.580053 0.01 0.01
0 0.147152 0.556737 0.01 0.01
0 0.141970 0.556737 0.01 0.01
0 0.135753 0.553110 0.01 0.01
0 0.133680 0.540675 0.01 0.01
0 0.133162 0.531348 0.01 0.01
0 0.111400 0.529794 0.01 0.01
0 0.108292 0.517877 0.01 0.01
0 0.094302 0.500260 0.01 0.01
0 0.080312 0.495079 0.01 0.01
0 0.077203 0.510623 0.01 0.01
0 0.079276 0.524613 0.01 0.01
0 0.084457 0.520986 0.01 0.01
0 0.043525 0.523058 0.01 0.01
0 0.016582 0.502851 0.01 0.01
0 0.008292 0.493525 0.01 0.01
0 0.013473 0.486789 0.01 0.01
0 0.012955 0.476944 0.01 0.01
0 0.009846 0.469172 0.01 0.01
0 0.024872 0.475908 0.01 0.01
0 0.039380 0.482644 0.01 0.01
0 0.052851 0.479535 0.01 0.01
0 0.031089 0.499224 0.01 0.01
0 0.024354 0.491452 0.01 0.01
0 0.045597 0.499224 0.01 0.01
0 0.058551 0.498188 0.01 0.01
0 0.059587 0.490416 0.01 0.01
0 0.064768 0.478499 0.01 0.01
0 0.070468 0.500260 0.01 0.01
0 0.083939 0.483680 0.01 0.01
0 0.092229 0.483680 0.01 0.01
0 0.104665 0.509069 0.01 0.01
0 0.115027 0.501815 0.01 0.01
0 0.119690 0.512696 0.01 0.01
0 0.111918 0.492488 0.01 0.01
0 0.113473 0.481089 0.01 0.01
0 0.126944 0.493007 0.01 0.01
0 0.138343 0.502333 0.01 0.01
0 0.138343 0.511141 0.01 0.01
0 0.138343 0.525131 0.01 0.01
0 0.142488 0.534975 0.01 0.01
0 0.023836 0.535494 0.01 0.01
0 0.004665 0.527203 0.01 0.01
0 0.008292 0.516323 0.01 0.01
0 0.138861 0.519950 0.01 0.01
0 0.152333 0.504405 0.01 0.01
0 0.150779 0.484198 0.01 0.01
0 0.138343 0.483680 0.01 0.01
0 0.124354 0.479535 0.01 0.01
0 0.168395 0.504924 0.01 0.01
0 0.169431 0.520986 0.01 0.01
0 0.150779 0.512178 0.01 0.01
0 0.154924 0.522540 0.01 0.01
0 0.150779 0.533939 0.01 0.01
0 0.153369 0.544302 0.01 0.01
0 0.151815 0.553110 0.01 0.01
0 0.155960 0.565545 0.01 0.01
0 0.153369 0.576426 0.01 0.01
0 0.164768 0.530312 0.01 0.01
0 0.171504 0.545856 0.01 0.01
0 0.164250 0.542747 0.01 0.01
0 0.164768 0.555183 0.01 0.01
0 0.177722 0.557255 0.01 0.01
0 0.183939 0.536530 0.01 0.01
0 0.183421 0.519950 0.01 0.01
0 0.180312 0.508032 0.01 0.01
0 0.197929 0.557255 0.01 0.01
0 0.195856 0.540157 0.01 0.01
0 0.196374 0.531348 0.01 0.01
0 0.196374 0.524095 0.01 0.01
0 0.195856 0.509587 0.01 0.01
0 0.213473 0.512696 0.01 0.01
0 0.208292 0.530830 0.01 0.01
0 0.210882 0.541711 0.01 0.01
0 0.207255 0.552592 0.01 0.01
0 0.206219 0.565545 0.01 0.01
0 0.193784 0.585235 0.01 0.01
0 0.191193 0.572799 0.01 0.01
0 0.206737 0.581089 0.01 0.01
0 0.210364 0.573317 0.01 0.01
0 0.224872 0.552592 0.01 0.01
0 0.227981 0.536530 0.01 0.01
0 0.220727 0.519431 0.01 0.01
0 0.228499 0.522540 0.01 0.01
0 0.231089 0.510105 0.01 0.01
0 0.245079 0.518913 0.01 0.01
0 0.245597 0.535494 0.01 0.01
0 0.245597 0.554665 0.01 0.01
0 0.242488 0.563991 0.01 0.01
0 0.224354 0.574872 0.01 0.01
0 0.212955 0.615286 0.01 0.01
0 0.235235 0.608032 0.01 0.01
0 0.226944 0.602333 0.01 0.01
0 0.247152 0.592488 0.01 0.01
0 0.245597 0.575908 0.01 0.01
0 0.253887 0.614250 0.01 0.01
0 0.274613 0.584198 0.01 0.01
0 0.287566 0.613732 0.01 0.01
0 0.291711 0.619431 0.01 0.01
0 0.279794 0.560364 0.01 0.01
0 0.278758 0.547411 0.01 0.01
0 0.275131 0.537566 0.01 0.01
0 0.190675 0.500260 0.01 0.01
0 0.178758 0.496115 0.01 0.01
0 0.174613 0.481608 0.01 0.01
0 0.206737 0.504924 0.01 0.01
0 0.193784 0.490934 0.01 0.01
0 0.198447 0.490934 0.01 0.01
0 0.207773 0.483680 0.01 0.01
0 0.206219 0.495079 0.01 0.01
0 0.212437 0.491970 0.01 0.01
0 0.222281 0.502333 0.01 0.01
0 0.224872 0.494043 0.01 0.01
0 0.228499 0.486271 0.01 0.01
0 0.222281 0.476944 0.01 0.01
0 0.220209 0.469172 0.01 0.01
0 0.197411 0.480053 0.01 0.01
0 0.197929 0.470727 0.01 0.01
0 0.190157 0.475390 0.01 0.01
0 0.189121 0.466064 0.01 0.01
0 0.179276 0.465027 0.01 0.01
0 0.176685 0.478499 0.01 0.01
0 0.006737 0.448965 0.01 0.01
0 0.004146 0.439121 0.01 0.01
0 0.005701 0.428240 0.01 0.01
0 0.011400 0.418913 0.01 0.01
0 0.016582 0.429276 0.01 0.01
0 0.017100 0.438602 0.01 0.01
0 0.022799 0.445338 0.01 0.01
0 0.029535 0.439639 0.01 0.01
0 0.035235 0.434457 0.01 0.01
0 0.031089 0.422022 0.01 0.01
0 0.044561 0.434975 0.01 0.01
0 0.043007 0.441711 0.01 0.01
0 0.040416 0.451556 0.01 0.01
0 0.040416 0.462955 0.01 0.01
0 0.047152 0.462437 0.01 0.01
0 0.056478 0.448447 0.01 0.01
0 0.056478 0.433421 0.01 0.01
0 0.050779 0.426685 0.01 0.01
0 0.064250 0.462437 0.01 0.01
0 0.072022 0.452592 0.01 0.01
0 0.070468 0.426685 0.01 0.01
0 0.080830 0.436012 0.01 0.01
0 0.083939 0.452592 0.01 0.01
0 0.091711 0.467618 0.01 0.01
0 0.081867 0.462437 0.01 0.01
0 0.106737 0.460882 0.01 0.01
0 0.095338 0.442747 0.01 0.01
0 0.089639 0.431867 0.01 0.01
0 0.100519 0.432385 0.01 0.01
0 0.105183 0.441193 0.01 0.01
0 0.108810 0.450001 0.01 0.01
0 0.122281 0.462955 0.01 0.01
0 0.136789 0.466064 0.01 0.01
0 0.135235 0.456737 0.01 0.01
0 0.133680 0.447411 0.01 0.01
0 0.144043 0.455183 0.01 0.01
0 0.147670 0.444820 0.01 0.01
0 0.126944 0.432385 0.01 0.01
0 0.114509 0.428240 0.01 0.01
0 0.103628 0.423058 0.01 0.01
0 0.093784 0.420468 0.01 0.01
0 0.083421 0.419431 0.01 0.01
0 0.075131 0.421504 0.01 0.01
0 0.069950 0.410105 0.01 0.01
0 0.056996 0.408032 0.01 0.01
0 0.041970 0.401297 0.01 0.01
0 0.048188 0.422540 0.01 0.01
0 0.030053 0.406478 0.01 0.01
0 0.022281 0.392488 0.01 0.01
0 0.015545 0.406478 0.01 0.01
0 0.009328 0.407514 0.01 0.01
0 0.004146 0.404924 0.01 0.01
0 0.003110 0.384198 0.01 0.01
0 0.019172 0.385753 0.01 0.01
0 0.015027 0.375390 0.01 0.01
0 0.003628 0.362437 0.01 0.01
0 0.017100 0.366064 0.01 0.01
0 0.027981 0.373836 0.01 0.01
0 0.030053 0.383680 0.01 0.01
0 0.037825 0.389898 0.01 0.01
0 0.041452 0.374354 0.01 0.01
0 0.046633 0.384198 0.01 0.01
0 0.066323 0.387307 0.01 0.01
0 0.075649 0.379535 0.01 0.01
0 0.074613 0.400779 0.01 0.01
0 0.080312 0.395079 0.01 0.01
0 0.082903 0.405960 0.01 0.01
0 0.096374 0.400260 0.01 0.01
0 0.106219 0.393007 0.01 0.01
0 0.109328 0.384198 0.01 0.01
0 0.111400 0.395079 0.01 0.01
0 0.107255 0.405960 0.01 0.01
0 0.093784 0.411141 0.01 0.01
0 0.120209 0.419950 0.01 0.01
0 0.121763 0.407514 0.01 0.01
0 0.135235 0.424095 0.01 0.01
0 0.134716 0.411141 0.01 0.01
0 0.134198 0.398188 0.01 0.01
0 0.139898 0.391452 0.01 0.01
0 0.143525 0.409069 0.01 0.01
0 0.147670 0.417359 0.01 0.01
0 0.141452 0.438084 0.01 0.01
0 0.155442 0.441193 0.01 0.01
0 0.156996 0.424095 0.01 0.01
0 0.155960 0.413214 0.01 0.01
0 0.159069 0.401297 0.01 0.01
0 0.167359 0.394043 0.01 0.01
0 0.150779 0.371763 0.01 0.01
0 0.131608 0.371763 0.01 0.01
0 0.121245 0.371763 0.01 0.01
0 0.098447 0.358292 0.01 0.01
0 0.122281 0.385753 0.01 0.01
0 0.158032 0.391452 0.01 0.01
0 0.162696 0.377981 0.01 0.01
0 0.150260 0.386789 0.01 0.01
0 0.188084 0.379017 0.01 0.01
0 0.181348 0.398706 0.01 0.01
0 0.174095 0.389380 0.01 0.01
0 0.188084 0.393007 0.01 0.01
0 0.179276 0.413214 0.01 0.01
0 0.165286 0.409069 0.01 0.01
0 0.171504 0.421504 0.01 0.01
0 0.157514 0.434457 0.01 0.01
0 0.167877 0.431348 0.01 0.01
0 0.180312 0.428240 0.01 0.01
0 0.183939 0.445856 0.01 0.01
0 0.183421 0.432903 0.01 0.01
0 0.168913 0.460882 0.01 0.01
0 0.155442 0.450001 0.01 0.01
0 0.159587 0.466064 0.01 0.01
0 0.149742 0.461918 0.01 0.01
0 0.147670 0.474354 0.01 0.01
0 0.138861 0.476426 0.01 0.01
0 0.164250 0.479017 0.01 0.01
0 0.165804 0.490416 0.01 0.01
0 0.206219 0.456737 0.01 0.01
0 0.198965 0.439121 0.01 0.01
0 0.195338 0.393525 0.01 0.01
0 0.194302 0.380053 0.01 0.01
0 0.205701 0.405960 0.01 0.01
0 0.210364 0.401815 0.01 0.01
0 0.219690 0.410105 0.01 0.01
0 0.230571 0.422022 0.01 0.01
0 0.237307 0.401815 0.01 0.01
0 0.244043 0.408551 0.01 0.01
0 0.255960 0.412696 0.01 0.01
0 0.255442 0.397152 0.01 0.01
0 0.266841 0.397670 0.01 0.01
0 0.271504 0.408551 0.01 0.01
0 0.256478 0.463991 0.01 0.01
0 0.243525 0.469172 0.01 0.01
0 0.226426 0.463473 0.01 0.01
0 0.270986 0.486789 0.01 0.01
0 0.269431 0.470209 0.01 0.01
0 0.280830 0.430312 0.01 0.01
0 0.278240 0.417359 0.01 0.01
0 0.288084 0.391452 0.01 0.01
0 0.300001 0.394561 0.01 0.01
0 0.304146 0.414250 0.01 0.01
0 0.281867 0.409069 0.01 0.01
0 0.284975 0.420986 0.01 0.01
0 0.294820 0.424613 0.01 0.01
0 0.284975 0.434975 0.01 0.01
0 0.282385 0.446893 0.01 0.01
0 0.303110 0.443784 0.01 0.01
0 0.319690 0.432903 0.01 0.01
0 0.318136 0.418395 0.01 0.01
0 0.316064 0.411659 0.01 0.01
0 0.326426 0.413732 0.01 0.01
0 0.327981 0.423058 0.01 0.01
0 0.320209 0.400260 0.01 0.01
0 0.333680 0.412696 0.01 0.01
0 0.336789 0.397152 0.01 0.01
0 0.349224 0.402851 0.01 0.01
0 0.343007 0.437048 0.01 0.01
0 0.345597 0.416323 0.01 0.01
0 0.349224 0.426167 0.01 0.01
0 0.327462 0.438602 0.01 0.01
0 0.294302 0.442229 0.01 0.01
0 0.292747 0.463473 0.01 0.01
0 0.285494 0.480571 0.01 0.01
0 0.288084 0.469172 0.01 0.01
0 0.306219 0.464509 0.01 0.01
0 0.301038 0.451556 0.01 0.01
0 0.292229 0.447411 0.01 0.01
0 0.306737 0.453628 0.01 0.01
0 0.317618 0.468654 0.01 0.01
0 0.320209 0.460882 0.01 0.01
0 0.323836 0.451556 0.01 0.01
0 0.329017 0.467618 0.01 0.01
0 0.340416 0.472281 0.01 0.01
0 0.343007 0.458810 0.01 0.01
0 0.333162 0.451556 0.01 0.01
0 0.350779 0.477981 0.01 0.01
0 0.352333 0.466064 0.01 0.01
0 0.359069 0.441193 0.01 0.01
0 0.358032 0.430312 0.01 0.01
0 0.358032 0.422540 0.01 0.01
0 0.368395 0.437048 0.01 0.01
0 0.374613 0.427203 0.01 0.01
0 0.376685 0.419431 0.01 0.01
0 0.377722 0.409069 0.01 0.01
0 0.383939 0.423058 0.01 0.01
0 0.397929 0.427203 0.01 0.01
0 0.389639 0.443784 0.01 0.01
0 0.380830 0.442229 0.01 0.01
0 0.377203 0.436530 0.01 0.01
0 0.375649 0.457773 0.01 0.01
0 0.366323 0.455701 0.01 0.01
0 0.388602 0.460882 0.01 0.01
0 0.376167 0.473317 0.01 0.01
0 0.364250 0.469690 0.01 0.01
0 0.362178 0.483162 0.01 0.01
0 0.373058 0.483680 0.01 0.01
0 0.374613 0.493007 0.01 0.01
0 0.389639 0.487825 0.01 0.01
0 0.396893 0.469172 0.01 0.01
0 0.386530 0.497670 0.01 0.01
0 0.392747 0.500779 0.01 0.01
0 0.346115 0.498706 0.01 0.01
0 0.338343 0.491452 0.01 0.01
0 0.331608 0.497152 0.01 0.01
0 0.320727 0.496633 0.01 0.01
0 0.309846 0.493007 0.01 0.01
0 0.301556 0.480053 0.01 0.01
0 0.296374 0.493007 0.01 0.01
0 0.304665 0.501297 0.01 0.01
0 0.290157 0.511141 0.01 0.01
0 0.280830 0.499742 0.01 0.01
0 0.272022 0.497152 0.01 0.01
0 0.272022 0.505960 0.01 0.01
0 0.275131 0.518395 0.01 0.01
0 0.276685 0.526167 0.01 0.01
0 0.288084 0.531348 0.01 0.01
0 0.290675 0.540675 0.01 0.01
0 0.292747 0.552592 0.01 0.01
0 0.299483 0.531867 0.01 0.01
0 0.297411 0.524095 0.01 0.01
0 0.312437 0.516323 0.01 0.01
0 0.305701 0.547929 0.01 0.01
0 0.311918 0.536012 0.01 0.01
0 0.307255 0.568654 0.01 0.01
0 0.297411 0.576944 0.01 0.01
0 0.298447 0.589380 0.01 0.01
0 0.304146 0.596115 0.01 0.01
0 0.279276 0.599224 0.01 0.01
0 0.314509 0.601297 0.01 0.01
0 0.306219 0.612178 0.01 0.01
0 0.312955 0.625649 0.01 0.01
0 0.299483 0.617877 0.01 0.01
0 0.302074 0.628758 0.01 0.01
0 0.330571 0.604924 0.01 0.01
0 0.326944 0.599742 0.01 0.01
0 0.324872 0.575390 0.01 0.01
0 0.336271 0.575908 0.01 0.01
0 0.331608 0.563991 0.01 0.01
0 0.331608 0.551038 0.01 0.01
0 0.327462 0.535494 0.01 0.01
0 0.337825 0.535494 0.01 0.01
0 0.335235 0.528240 0.01 0.01
0 0.327981 0.521504 0.01 0.01
0 0.326944 0.506996 0.01 0.01
0 0.332126 0.510105 0.01 0.01
0 0.341452 0.517877 0.01 0.01
0 0.347670 0.532385 0.01 0.01
0 0.353887 0.519950 0.01 0.01
0 0.352333 0.508032 0.01 0.01
0 0.362696 0.500260 0.01 0.01
0 0.367359 0.516841 0.01 0.01
0 0.375131 0.507514 0.01 0.01
0 0.377203 0.518395 0.01 0.01
0 0.383421 0.519431 0.01 0.01
0 0.356996 0.528758 0.01 0.01
0 0.368395 0.533421 0.01 0.01
0 0.358551 0.546893 0.01 0.01
0 0.345597 0.549483 0.01 0.01
0 0.356478 0.554665 0.01 0.01
0 0.359069 0.562437 0.01 0.01
0 0.350779 0.581089 0.01 0.01
0 0.366323 0.580053 0.01 0.01
0 0.378758 0.575390 0.01 0.01
0 0.375131 0.547411 0.01 0.01
0 0.391711 0.545856 0.01 0.01
0 0.384975 0.531867 0.01 0.01
0 0.398965 0.531867 0.01 0.01
0 0.392747 0.562955 0.01 0.01
0 0.389121 0.565545 0.01 0.01
0 0.378758 0.586271 0.01 0.01
0 0.366841 0.599742 0.01 0.01
0 0.391193 0.595597 0.01 0.01
0 0.397411 0.420468 0.01 0.01
0 0.396374 0.411659 0.01 0.01
0 0.342488 0.600779 0.01 0.01
0 0.341970 0.611659 0.01 0.01
0 0.358551 0.607514 0.01 0.01
0 0.339380 0.625131 0.01 0.01
0 0.324872 0.626685 0.01 0.01
0 0.358551 0.622022 0.01 0.01
0 0.372022 0.627722 0.01 0.01
0 0.375649 0.609069 0.01 0.01
0 0.380312 0.622022 0.01 0.01
0 0.351297 0.635494 0.01 0.01
0 0.335235 0.638084 0.01 0.01
0 0.366323 0.635494 0.01 0.01
0 0.227462 0.640157 0.01 0.01
0 0.210364 0.641711 0.01 0.01
0 0.197929 0.634975 0.01 0.01
0 0.186530 0.638084 0.01 0.01
0 0.129017 0.623576 0.01 0.01
0 0.117100 0.626685 0.01 0.01
0 0.008736 0.757255 0.01 0.01
0 0.122726 0.719950 0.01 0.01
0 0.115472 0.640157 0.01 0.01
0 0.005109 0.615804 0.01 0.01
0 0.006145 0.593525 0.01 0.01
0 0.243451 0.646893 0.01 0.01
0 0.248632 0.642229 0.01 0.01
0 0.242933 0.636530 0.01 0.01
0 0.260031 0.644820 0.01 0.01
0 0.262104 0.636530 0.01 0.01
0 0.279202 0.648447 0.01 0.01
0 0.264694 0.662955 0.01 0.01
0 0.270394 0.690416 0.01 0.01
0 0.324798 0.651556 0.01 0.01
0 0.335161 0.648447 0.01 0.01
0 0.345005 0.660882 0.01 0.01
0 0.328425 0.678499 0.01 0.01
0 0.347078 0.699742 0.01 0.01
0 0.293192 0.796633 0.01 0.01
0 0.349150 0.650519 0.01 0.01
0 0.342933 0.647411 0.01 0.01
0 0.357959 0.646893 0.01 0.01
0 0.373503 0.653110 0.01 0.01
0 0.377130 0.644820 0.01 0.01
0 0.394746 0.652074 0.01 0.01
0 0.388529 0.668136 0.01 0.01
0 0.394746 0.709069 0.01 0.01
0 0.398373 0.628240 0.01 0.01
0 0.425844 0.660364 0.01 0.01
0 0.411854 0.686789 0.01 0.01
0 0.430507 0.686271 0.01 0.01
0 0.436724 0.665027 0.01 0.01
0 0.414963 0.633421 0.01 0.01
0 0.413927 0.624613 0.01 0.01
0 0.414445 0.613732 0.01 0.01
0 0.400973 0.610623 0.01 0.01
0 0.394237 0.620986 0.01 0.01
0 0.389056 0.613732 0.01 0.01
0 0.408745 0.601297 0.01 0.01
0 0.407709 0.582126 0.01 0.01
0 0.395792 0.580053 0.01 0.01
0 0.403564 0.572281 0.01 0.01
0 0.406154 0.557773 0.01 0.01
0 0.412372 0.570209 0.01 0.01
0 0.428952 0.573836 0.01 0.01
0 0.419626 0.565027 0.01 0.01
0 0.422735 0.560882 0.01 0.01
0 0.435688 0.560364 0.01 0.01
0 0.439315 0.576944 0.01 0.01
0 0.437761 0.583680 0.01 0.01
0 0.418590 0.594043 0.01 0.01
0 0.424807 0.607514 0.01 0.01
0 0.430507 0.595079 0.01 0.01
0 0.441906 0.601815 0.01 0.01
0 0.448123 0.591970 0.01 0.01
0 0.427916 0.630830 0.01 0.01
0 0.435170 0.647411 0.01 0.01
0 0.442424 0.624095 0.01 0.01
0 0.456414 0.624613 0.01 0.01
0 0.441388 0.613214 0.01 0.01
0 0.461077 0.616323 0.01 0.01
0 0.469885 0.622022 0.01 0.01
0 0.479211 0.611141 0.01 0.01
0 0.491647 0.616323 0.01 0.01
0 0.488538 0.683162 0.01 0.01
0 0.459004 0.668654 0.01 0.01
0 0.519626 0.690416 0.01 0.01
0 0.510300 0.674872 0.01 0.01
0 0.496828 0.665027 0.01 0.01
0 0.496310 0.652074 0.01 0.01
0 0.511854 0.642747 0.01 0.01
0 0.495792 0.632385 0.01 0.01
0 0.548642 0.689898 0.01 0.01
0 0.520662 0.732903 0.01 0.01
0 0.576103 0.682644 0.01 0.01
0 0.602009 0.689380 0.01 0.01
0 0.593201 0.659328 0.01 0.01
0 0.580248 0.648965 0.01 0.01
0 0.567294 0.644820 0.01 0.01
0 0.545015 0.634975 0.01 0.01
0 0.553823 0.637566 0.01 0.01
0 0.527916 0.636530 0.01 0.01
0 0.538797 0.650519 0.01 0.01
0 0.541906 0.660882 0.01 0.01
0 0.562631 0.655183 0.01 0.01
0 0.576621 0.661918 0.01 0.01
0 0.645015 0.679535 0.01 0.01
0 0.692165 0.685753 0.01 0.01
0 0.703046 0.723576 0.01 0.01
0 0.657450 0.729276 0.01 0.01
0 0.607709 0.730312 0.01 0.01
0 0.534652 0.802333 0.01 0.01
0 0.548123 0.768654 0.01 0.01
0 0.709263 0.692488 0.01 0.01
0 0.673512 0.676944 0.01 0.01
0 0.660559 0.655183 0.01 0.01
0 0.651232 0.655701 0.01 0.01
0 0.623771 0.628758 0.01 0.01
0 0.610300 0.632903 0.01 0.01
0 0.583357 0.620986 0.01 0.01
0 0.568331 0.619431 0.01 0.01
0 0.553823 0.615286 0.01 0.01
0 0.540870 0.615804 0.01 0.01
0 0.523253 0.625649 0.01 0.01
0 0.516517 0.619950 0.01 0.01
0 0.509781 0.622540 0.01 0.01
0 0.509263 0.606996 0.01 0.01
0 0.499937 0.602851 0.01 0.01
0 0.488538 0.593007 0.01 0.01
0 0.467294 0.560364 0.01 0.01
0 0.426362 0.547411 0.01 0.01
0 0.415999 0.550519 0.01 0.01
0 0.425844 0.539639 0.01 0.01
0 0.437243 0.540675 0.01 0.01
0 0.462631 0.536530 0.01 0.01
0 0.513408 0.543266 0.01 0.01
0 0.508227 0.555183 0.01 0.01
0 0.521180 0.557255 0.01 0.01
0 0.501491 0.567100 0.01 0.01
0 0.514445 0.568136 0.01 0.01
0 0.512890 0.577462 0.01 0.01
0 0.504082 0.577462 0.01 0.01
0 0.510300 0.582644 0.01 0.01
0 0.501491 0.588861 0.01 0.01
0 0.515999 0.593007 0.01 0.01
0 0.520662 0.595597 0.01 0.01
0 0.524807 0.579017 0.01 0.01
0 0.524807 0.569172 0.01 0.01
0 0.537243 0.565027 0.01 0.01
0 0.532061 0.558810 0.01 0.01
0 0.524289 0.551038 0.01 0.01
0 0.525325 0.544302 0.01 0.01
0 0.535170 0.542747 0.01 0.01
0 0.545533 0.551038 0.01 0.01
0 0.550196 0.557255 0.01 0.01
0 0.543978 0.560882 0.01 0.01
0 0.549678 0.562437 0.01 0.01
0 0.561077 0.574354 0.01 0.01
0 0.541906 0.589898 0.01 0.01
0 0.533097 0.586789 0.01 0.01
0 0.531543 0.600260 0.01 0.01
0 0.555377 0.598706 0.01 0.01
0 0.568849 0.605442 0.01 0.01
0 0.586984 0.597152 0.01 0.01
0 0.574548 0.593007 0.01 0.01
0 0.571439 0.570727 0.01 0.01
0 0.569885 0.552592 0.01 0.01
0 0.560559 0.554665 0.01 0.01
0 0.588538 0.574872 0.01 0.01
0 0.594756 0.562955 0.01 0.01
0 0.580766 0.556737 0.01 0.01
0 0.581802 0.549483 0.01 0.01
0 0.591647 0.551038 0.01 0.01
0 0.602528 0.541193 0.01 0.01
0 0.609263 0.577981 0.01 0.01
0 0.595274 0.582644 0.01 0.01
0 0.596310 0.589380 0.01 0.01
0 0.602528 0.600779 0.01 0.01
0 0.590610 0.601815 0.01 0.01
0 0.601491 0.613214 0.01 0.01
0 0.590092 0.614250 0.01 0.01
0 0.580248 0.610623 0.01 0.01
0 0.614445 0.603369 0.01 0.01
0 0.623771 0.594561 0.01 0.01
0 0.641906 0.631348 0.01 0.01
0 0.643460 0.617359 0.01 0.01
0 0.650196 0.606478 0.01 0.01
0 0.660559 0.610105 0.01 0.01
0 0.664704 0.633421 0.01 0.01
0 0.653305 0.626685 0.01 0.01
0 0.674030 0.614250 0.01 0.01
0 0.674548 0.595079 0.01 0.01
0 0.653305 0.585753 0.01 0.01
0 0.643460 0.580571 0.01 0.01
0 0.637243 0.573317 0.01 0.01
0 0.631025 0.565027 0.01 0.01
0 0.622735 0.577981 0.01 0.01
0 0.606673 0.569690 0.01 0.01
0 0.605636 0.561918 0.01 0.01
0 0.614963 0.555701 0.01 0.01
0 0.626362 0.553628 0.01 0.01
0 0.628434 0.546374 0.01 0.01
0 0.639833 0.559846 0.01 0.01
0 0.637761 0.543266 0.01 0.01
0 0.545533 0.540675 0.01 0.01
0 0.669885 0.576426 0.01 0.01
0 0.671958 0.564509 0.01 0.01
0 0.686984 0.568654 0.01 0.01
0 0.681802 0.574354 0.01 0.01
0 0.683875 0.588861 0.01 0.01
0 0.693201 0.612696 0.01 0.01
0 0.702528 0.612696 0.01 0.01
0 0.707191 0.589380 0.01 0.01
0 0.696310 0.587825 0.01 0.01
0 0.695792 0.576426 0.01 0.01
0 0.695792 0.568136 0.01 0.01
0 0.700973 0.565545 0.01 0.01
0 0.707709 0.566582 0.01 0.01
0 0.705118 0.579535 0.01 0.01
0 0.690610 0.637048 0.01 0.01
0 0.675066 0.648447 0.01 0.01
0 0.697864 0.654665 0.01 0.01
0 0.703046 0.683680 0.01 0.01
0 0.533097 0.669172 0.01 0.01
0 0.741639 0.689380 0.01 0.01
0 0.736975 0.676944 0.01 0.01
0 0.728685 0.666582 0.01 0.01
0 0.725058 0.651556 0.01 0.01
0 0.718841 0.651556 0.01 0.01
0 0.713659 0.633421 0.01 0.01
0 0.715732 0.616841 0.01 0.01
0 0.730758 0.627203 0.01 0.01
0 0.739566 0.642747 0.01 0.01
0 0.741121 0.660364 0.01 0.01
0 0.753556 0.657773 0.01 0.01
0 0.756665 0.688343 0.01 0.01
0 0.746302 0.671763 0.01 0.01
0 0.763918 0.662437 0.01 0.01
0 0.774799 0.688861 0.01 0.01
0 0.767545 0.701297 0.01 0.01
0 0.745266 0.713214 0.01 0.01
0 0.786198 0.702333 0.01 0.01
0 0.795525 0.700260 0.01 0.01
0 0.784644 0.689380 0.01 0.01
0 0.785680 0.676944 0.01 0.01
0 0.799670 0.678499 0.01 0.01
0 0.815732 0.694043 0.01 0.01
0 0.819877 0.684198 0.01 0.01
0 0.833348 0.704924 0.01 0.01
0 0.854074 0.715286 0.01 0.01
0 0.881017 0.715286 0.01 0.01
0 0.849411 0.698706 0.01 0.01
0 0.832830 0.681608 0.01 0.01
0 0.877390 0.697152 0.01 0.01
0 0.872209 0.678499 0.01 0.01
0 0.860810 0.674354 0.01 0.01
0 0.877908 0.676944 0.01 0.01
0 0.880499 0.689380 0.01 0.01
0 0.920395 0.700260 0.01 0.01
0 0.921431 0.727203 0.01 0.01
0 0.908996 0.719950 0.01 0.01
0 0.882571 0.753110 0.01 0.01
0 0.894488 0.728758 0.01 0.01
0 0.859773 0.771245 0.01 0.01
0 0.863918 0.794043 0.01 0.01
0 0.970654 0.724613 0.01 0.01
0 0.991898 0.745338 0.01 0.01
0 1.041121 0.743266 0.01 0.01
0 0.987753 0.709587 0.01 0.01
0 0.964437 0.703887 0.01 0.01
0 0.945266 0.697152 0.01 0.01
0 0.903297 0.688861 0.01 0.01
0 0.895007 0.672799 0.01 0.01
0 0.899152 0.665027 0.01 0.01
0 0.889307 0.664509 0.01 0.01
0 0.874799 0.660882 0.01 0.01
0 0.909514 0.660882 0.01 0.01
0 0.923504 0.663991 0.01 0.01
0 0.946302 0.673836 0.01 0.01
0 0.811587 0.656219 0.01 0.01
0 0.822468 0.661400 0.01 0.01
0 0.835939 0.658292 0.01 0.01
0 0.797079 0.655183 0.01 0.01
0 0.790343 0.651556 0.01 0.01
0 0.771172 0.650519 0.01 0.01
0 0.754074 0.646893 0.01 0.01
0 0.764437 0.631348 0.01 0.01
0 0.768582 0.608032 0.01 0.01
0 0.773763 0.631867 0.01 0.01
0 0.781535 0.641193 0.01 0.01
0 0.786716 0.632385 0.01 0.01
0 0.795007 0.637048 0.01 0.01
0 0.792416 0.624613 0.01 0.01
0 0.784644 0.620986 0.01 0.01
0 0.801742 0.626167 0.01 0.01
0 0.810032 0.624095 0.01 0.01
0 0.816768 0.626167 0.01 0.01
0 0.827649 0.623058 0.01 0.01
0 0.840602 0.628758 0.01 0.01
0 0.813659 0.643784 0.01 0.01
0 0.852001 0.629794 0.01 0.01
0 0.844747 0.646374 0.01 0.01
0 0.838012 0.639121 0.01 0.01
0 0.829203 0.639121 0.01 0.01
0 0.864437 0.631348 0.01 0.01
0 0.874799 0.632385 0.01 0.01
0 0.880499 0.639121 0.01 0.01
0 0.870654 0.648965 0.01 0.01
0 0.893452 0.638084 0.01 0.01
0 0.905369 0.642747 0.01 0.01
0 0.944229 0.652074 0.01 0.01
0 0.937494 0.614768 0.01 0.01
0 0.918323 0.616323 0.01 0.01
0 0.959255 0.641193 0.01 0.01
0 0.961846 0.653110 0.01 0.01
0 0.962364 0.615286 0.01 0.01
0 0.973763 0.650001 0.01 0.01
0 0.975836 0.633939 0.01 0.01
0 0.989307 0.642747 0.01 0.01
0 0.984644 0.648965 0.01 0.01
0 1.001224 0.673317 0.01 0.01
0 1.000706 0.646374 0.01 0.01
0 1.019359 0.676426 0.01 0.01
0 1.032830 0.674872 0.01 0.01
0 1.044229 0.684716 0.01 0.01
0 1.041121 0.623576 0.01 0.01
0 1.027649 0.618913 0.01 0.01
0 1.013141 0.623058 0.01 0.01
0 1.001224 0.619431 0.01 0.01
0 0.886198 0.614768 0.01 0.01
0 0.895525 0.622022 0.01 0.01
0 0.877390 0.603369 0.01 0.01
0 0.885680 0.605442 0.01 0.01
0 0.896561 0.599224 0.01 0.01
0 0.908996 0.591452 0.01 0.01
0 0.909514 0.604924 0.01 0.01
0 0.917804 0.601815 0.01 0.01
0 0.853556 0.602851 0.01 0.01
0 0.844747 0.600779 0.01 0.01
0 0.825576 0.603887 0.01 0.01
0 0.864437 0.594043 0.01 0.01
0 0.853556 0.588861 0.01 0.01
0 0.856665 0.580053 0.01 0.01
0 0.853556 0.575390 0.01 0.01
0 0.846820 0.567100 0.01 0.01
0 0.860292 0.567618 0.01 0.01
0 0.868582 0.580053 0.01 0.01
0 0.874799 0.564509 0.01 0.01
0 0.882053 0.566064 0.01 0.01
0 0.899152 0.581089 0.01 0.01
0 0.890861 0.561918 0.01 0.01
0 0.904851 0.568136 0.01 0.01
0 0.925058 0.573836 0.01 0.01
0 0.916250 0.559846 0.01 0.01
0 0.926095 0.563473 0.01 0.01
0 0.937494 0.570209 0.01 0.01
0 0.941121 0.563991 0.01 0.01
0 0.946302 0.585753 0.01 0.01
0 0.931794 0.585235 0.01 0.01
0 0.930240 0.600260 0.01 0.01
0 0.944747 0.591452 0.01 0.01
0 0.957701 0.600779 0.01 0.01
0 0.967027 0.597670 0.01 0.01
0 0.958219 0.582644 0.01 0.01
0 0.966509 0.567100 0.01 0.01
0 0.963400 0.557773 0.01 0.01
0 0.978944 0.570727 0.01 0.01
0 0.979462 0.589380 0.01 0.01
0 0.986716 0.566582 0.01 0.01
0 0.997079 0.566582 0.01 0.01
0 1.003815 0.571763 0.01 0.01
0 1.017286 0.561918 0.01 0.01
0 1.033867 0.563473 0.01 0.01
0 1.045266 0.566582 0.01 0.01
0 0.816768 0.609587 0.01 0.01
0 0.800188 0.609069 0.01 0.01
0 0.796043 0.593525 0.01 0.01
0 0.788789 0.605960 0.01 0.01
0 0.785680 0.595079 0.01 0.01
0 0.773763 0.593007 0.01 0.01
0 0.747856 0.589380 0.01 0.01
0 0.736975 0.604405 0.01 0.01
0 0.720395 0.598188 0.01 0.01
0 0.729203 0.588343 0.01 0.01
0 0.722986 0.584716 0.01 0.01
0 0.721431 0.575908 0.01 0.01
0 0.723504 0.566582 0.01 0.01
0 0.732312 0.572799 0.01 0.01
0 0.738012 0.567100 0.01 0.01
0 0.753038 0.571245 0.01 0.01
0 0.757701 0.579017 0.01 0.01
0 0.767027 0.581089 0.01 0.01
0 0.761846 0.575390 0.01 0.01
0 0.759255 0.565027 0.01 0.01
0 0.785162 0.571245 0.01 0.01
0 0.778944 0.584716 0.01 0.01
0 0.787235 0.583162 0.01 0.01
0 0.798633 0.572799 0.01 0.01
0 0.800188 0.566064 0.01 0.01
0 0.810032 0.571763 0.01 0.01
0 0.812105 0.590934 0.01 0.01
0 0.820395 0.563991 0.01 0.01
0 0.832312 0.577462 0.01 0.01
0 0.731794 0.696633 0.01 0.01
0 0.012437 0.277203 0.01 0.01
0 0.027462 0.283939 0.01 0.01
0 0.008810 0.260623 0.01 0.01
0 0.055960 0.282385 0.01 0.01
0 0.038343 0.275649 0.01 0.01
0 0.036789 0.263214 0.01 0.01
0 0.024354 0.265804 0.01 0.01
0 0.023317 0.247152 0.01 0.01
0 0.034716 0.249224 0.01 0.01
0 0.023836 0.260105 0.01 0.01
0 0.011918 0.247670 0.01 0.01
0 0.004146 0.240934 0.01 0.01
0 0.031089 0.240416 0.01 0.01
0 0.055960 0.224354 0.01 0.01
0 0.057514 0.248188 0.01 0.01
0 0.061659 0.264768 0.01 0.01
0 0.068913 0.254405 0.01 0.01
0 0.082385 0.255960 0.01 0.01
0 0.084975 0.272022 0.01 0.01
0 0.073576 0.286012 0.01 0.01
0 0.067359 0.279276 0.01 0.01
0 0.062696 0.273576 0.01 0.01
0 0.087566 0.281348 0.01 0.01
0 0.093266 0.297411 0.01 0.01
0 0.064250 0.295338 0.01 0.01
0 0.098965 0.283421 0.01 0.01
0 0.098447 0.272022 0.01 0.01
0 0.105183 0.242488 0.01 0.01
0 0.094302 0.239380 0.01 0.01
0 0.107255 0.259587 0.01 0.01
0 0.100001 0.260623 0.01 0.01
0 0.115545 0.269431 0.01 0.01
0 0.118654 0.256996 0.01 0.01
0 0.130571 0.259069 0.01 0.01
0 0.132126 0.274095 0.01 0.01
0 0.127981 0.272540 0.01 0.01
0 0.110364 0.288602 0.01 0.01
0 0.113991 0.304146 0.01 0.01
0 0.124354 0.294820 0.01 0.01
0 0.144043 0.302074 0.01 0.01
0 0.154924 0.294302 0.01 0.01
0 0.136271 0.288602 0.01 0.01
0 0.126944 0.314509 0.01 0.01
0 0.103110 0.312955 0.01 0.01
0 0.140934 0.316582 0.01 0.01
0 0.155442 0.320209 0.01 0.01
0 0.168395 0.321763 0.01 0.01
0 0.165804 0.298447 0.01 0.01
0 0.165286 0.281867 0.01 0.01
0 0.153887 0.269431 0.01 0.01
0 0.160105 0.254405 0.01 0.01
0 0.144561 0.256996 0.01 0.01
0 0.117618 0.244043 0.01 0.01
0 0.177203 0.275649 0.01 0.01
0 0.173576 0.291193 0.01 0.01
0 0.183421 0.293784 0.01 0.01
0 0.191193 0.277722 0.01 0.01
0 0.203110 0.283421 0.01 0.01
0 0.181348 0.308292 0.01 0.01
0 0.177722 0.325390 0.01 0.01
0 0.202074 0.334198 0.01 0.01
0 0.197411 0.309846 0.01 0.01
0 0.197411 0.296893 0.01 0.01
0 0.188602 0.304146 0.01 0.01
0 0.207773 0.304665 0.01 0.01
0 0.206737 0.313991 0.01 0.01
0 0.215027 0.332644 0.01 0.01
0 0.217100 0.316064 0.01 0.01
0 0.218136 0.284975 0.01 0.01
0 0.227462 0.282385 0.01 0.01
0 0.230571 0.277722 0.01 0.01
0 0.011789 0.168913 0.01 0.01
0 0.021893 0.176426 0.01 0.01
0 0.025001 0.160364 0.01 0.01
0 0.025260 0.147929 0.01 0.01
0 0.041582 0.153369 0.01 0.01
0 0.041323 0.172281 0.01 0.01
0 0.055312 0.177203 0.01 0.01
0 0.052462 0.158292 0.01 0.01
0 0.038214 0.141193 0.01 0.01
0 0.031478 0.120468 0.01 0.01
0 0.028887 0.125390 0.01 0.01
0 0.048058 0.125649 0.01 0.01
0 0.058680 0.132903 0.01 0.01
0 0.058680 0.147411 0.01 0.01
0 0.068007 0.142747 0.01 0.01
0 0.060753 0.116841 0.01 0.01
0 0.043395 0.112437 0.01 0.01
0 0.023188 0.109328 0.01 0.01
0 0.015675 0.100519 0.01 0.01
0 0.007385 0.101556 0.01 0.01
0 0.032514 0.100260 0.01 0.01
0 0.019820 0.097929 0.01 0.01
0 0.011012 0.159069 0.01 0.01
0 0.008680 0.150519 0.01 0.01
0 0.008939 0.141193 0.01 0.01
0 0.008421 0.127722 0.01 0.01
0 0.064121 0.186271 0.01 0.01
0 0.075779 0.188861 0.01 0.01
0 0.075779 0.174354 0.01 0.01
0 0.073188 0.164250 0.01 0.01
0 0.070338 0.155442 0.01 0.01
0 0.082773 0.134975 0.01 0.01
0 0.075519 0.125908 0.01 0.01
0 0.076297 0.112696 0.01 0.01
0 0.054017 0.106737 0.01 0.01
0 0.044690 0.105183 0.01 0.01
0 0.065934 0.109587 0.01 0.01
0 0.088473 0.120986 0.01 0.01
0 0.090804 0.139898 0.01 0.01
0 0.091323 0.156478 0.01 0.01
0 0.083292 0.149483 0.01 0.01
0 0.084587 0.162178 0.01 0.01
0 0.088473 0.190416 0.01 0.01
0 0.086918 0.179017 0.01 0.01
0 0.098317 0.174354 0.01 0.01
0 0.100390 0.190934 0.01 0.01
0 0.102981 0.162178 0.01 0.01
0 0.098576 0.152074 0.01 0.01
0 0.105830 0.151297 0.01 0.01
0 0.100649 0.141452 0.01 0.01
0 0.108680 0.131608 0.01 0.01
0 0.102981 0.120727 0.01 0.01
0 0.095727 0.116582 0.01 0.01
0 0.110235 0.141193 0.01 0.01
0 0.112048 0.158551 0.01 0.01
0 0.115934 0.169690 0.01 0.01
0 0.121893 0.184975 0.01 0.01
0 0.126815 0.171245 0.01 0.01
0 0.123706 0.147929 0.01 0.01
0 0.126038 0.141970 0.01 0.01
0 0.116193 0.123576 0.01 0.01
0 0.133551 0.131348 0.01 0.01
0 0.144172 0.131867 0.01 0.01
0 0.146504 0.150779 0.01 0.01
0 0.137178 0.145079 0.01 0.01
0 0.129146 0.182903 0.01 0.01
0 0.129665 0.191711 0.01 0.01
0 0.125260 0.194043 0.01 0.01
0 0.142562 0.195338 0.01 0.01
0 0.136085 0.194302 0.01 0.01
0 0.151629 0.197411 0.01 0.01
0 0.157328 0.196633 0.01 0.01
0 0.161992 0.197411 0.01 0.01
0 0.164323 0.208810 0.01 0.01
0 0.180644 0.157773 0.01 0.01
0 0.176758 0.147411 0.01 0.01
0 0.175722 0.141711 0.01 0.01
0 0.186085 0.141970 0.01 0.01
0 0.187898 0.147929 0.01 0.01
0 0.191007 0.157255 0.01 0.01
0 0.200852 0.159587 0.01 0.01
0 0.208106 0.161659 0.01 0.01
0 0.220023 0.167618 0.01 0.01
0 0.206551 0.170727 0.01 0.01
0 0.207587 0.178758 0.01 0.01
0 0.219505 0.179535 0.01 0.01
0 0.213287 0.171504 0.01 0.01
0 0.229090 0.173836 0.01 0.01
0 0.236862 0.178499 0.01 0.01
0 0.227536 0.167618 0.01 0.01
0 0.223909 0.156737 0.01 0.01
0 0.214323 0.158292 0.01 0.01
0 0.208365 0.151297 0.01 0.01
0 0.197484 0.146633 0.01 0.01
0 0.231422 0.156996 0.01 0.01
0 0.238676 0.160623 0.01 0.01
0 0.246966 0.164250 0.01 0.01
0 0.255256 0.165804 0.01 0.01
0 0.258624 0.165027 0.01 0.01
0 0.223909 0.189639 0.01 0.01
0 0.228054 0.183162 0.01 0.01
0 0.215878 0.195338 0.01 0.01
0 0.210696 0.186012 0.01 0.01
0 0.205256 0.209846 0.01 0.01
0 0.227536 0.204405 0.01 0.01
0 0.234530 0.198188 0.01 0.01
0 0.240230 0.193007 0.01 0.01
0 0.244634 0.186271 0.01 0.01
0 0.247484 0.179535 0.01 0.01
0 0.263028 0.184198 0.01 0.01
0 0.263287 0.174095 0.01 0.01
0 0.265619 0.166582 0.01 0.01
0 0.254738 0.188343 0.01 0.01
0 0.249815 0.191711 0.01 0.01
0 0.243857 0.200001 0.01 0.01
0 0.239712 0.212955 0.01 0.01
0 0.236862 0.206478 0.01 0.01
0 0.229349 0.216841 0.01 0.01
0 0.224945 0.216582 0.01 0.01
0 0.214582 0.211918 0.01 0.01
0 0.208624 0.222799 0.01 0.01
0 0.198520 0.219431 0.01 0.01
0 0.220541 0.225390 0.01 0.01
0 0.230126 0.224872 0.01 0.01
0 0.238935 0.228758 0.01 0.01
0 0.249038 0.230571 0.01 0.01
0 0.244375 0.220986 0.01 0.01
0 0.249556 0.214768 0.01 0.01
0 0.255256 0.211141 0.01 0.01
0 0.265359 0.212696 0.01 0.01
0 0.258624 0.217100 0.01 0.01
0 0.252665 0.222540 0.01 0.01
0 0.262251 0.227203 0.01 0.01
0 0.268727 0.235494 0.01 0.01
0 0.267173 0.220727 0.01 0.01
0 0.246643 0.208292 0.01 0.01
0 0.273327 0.192747 0.01 0.01
0 0.283949 0.194820 0.01 0.01
0 0.281099 0.201297 0.01 0.01
0 0.279286 0.207514 0.01 0.01
0 0.274623 0.177462 0.01 0.01
0 0.273586 0.168913 0.01 0.01
0 0.282654 0.172799 0.01 0.01
0 0.293016 0.173836 0.01 0.01
0 0.297680 0.186271 0.01 0.01
0 0.301306 0.172281 0.01 0.01
0 0.319959 0.189898 0.01 0.01
0 0.308560 0.178240 0.01 0.01
0 0.323845 0.179794 0.01 0.01
0 0.334208 0.186789 0.01 0.01
0 0.308819 0.199483 0.01 0.01
0 0.288871 0.209328 0.01 0.01
0 0.286799 0.222799 0.01 0.01
0 0.280322 0.225131 0.01 0.01
0 0.279804 0.236789 0.01 0.01
0 0.290685 0.239121 0.01 0.01
0 0.293534 0.227722 0.01 0.01
0 0.298198 0.243525 0.01 0.01
0 0.300011 0.227722 0.01 0.01
0 0.307265 0.245079 0.01 0.01
0 0.317628 0.245597 0.01 0.01
0 0.316851 0.231608 0.01 0.01
0 0.307265 0.225908 0.01 0.01
0 0.312187 0.208810 0.01 0.01
0 0.325918 0.214509 0.01 0.01
0 0.328768 0.237307 0.01 0.01
0 0.322809 0.228758 0.01 0.01
0 0.331876 0.224095 0.01 0.01
0 0.341203 0.225131 0.01 0.01
0 0.336540 0.232126 0.01 0.01
0 0.334208 0.245079 0.01 0.01
0 0.346643 0.246374 0.01 0.01
0 0.357524 0.252851 0.01 0.01
0 0.357265 0.241970 0.01 0.01
0 0.343794 0.187048 0.01 0.01
0 0.335244 0.199224 0.01 0.01
0 0.354933 0.191711 0.01 0.01
0 0.349493 0.183162 0.01 0.01
0 0.363742 0.188602 0.01 0.01
0 0.373068 0.189380 0.01 0.01
0 0.053499 0.371504 0.01 0.01
0 0.133810 0.387566 0.01 0.01
0 0.229739 0.317618 0.01 0.01
0 0.226372 0.333680 0.01 0.01
0 0.264195 0.343525 0.01 0.01
0 0.263677 0.334975 0.01 0.01
0 0.274299 0.344302 0.01 0.01
0 0.275076 0.335494 0.01 0.01
0 0.285180 0.337048 0.01 0.01
0 0.286993 0.350001 0.01 0.01
0 0.280258 0.344820 0.01 0.01
0 0.294247 0.340416 0.01 0.01
0 0.296838 0.349224 0.01 0.01
0 0.307201 0.350779 0.01 0.01
0 0.309273 0.338602 0.01 0.01
0 0.315491 0.343007 0.01 0.01
0 0.317822 0.352851 0.01 0.01
0 0.321967 0.337825 0.01 0.01
0 0.326372 0.345079 0.01 0.01
0 0.334144 0.338084 0.01 0.01
0 0.331035 0.355442 0.01 0.01
0 0.339584 0.355960 0.01 0.01
0 0.343211 0.340675 0.01 0.01
0 0.192831 0.439639 0.01 0.01
0 0.191536 0.410882 0.01 0.01
0 0.191277 0.460105 0.01 0.01
0 0.208375 0.470727 0.01 0.01
0 0.278582 0.505701 0.01 0.01
0 0.202157 0.429535 0.01 0.01
0 0.147516 0.629276 0.01 0.01
0 0.173164 0.629276 0.01 0.01
0 0.208138 0.649742 0.01 0.01
0 0.196998 0.650779 0.01 0.01
0 0.224200 0.703887 0.01 0.01
0 0.272127 0.646893 0.01 0.01
0 0.408312 0.470727 0.01 0.01
0 0.404944 0.481348 0.01 0.01
0 0.408571 0.465286 0.01 0.01
0 0.406757 0.458292 0.01 0.01
0 0.398467 0.448965 0.01 0.01
0 0.399244 0.438343 0.01 0.01
0 0.387845 0.438084 0.01 0.01
0 0.387586 0.420468 0.01 0.01
0 0.416084 0.428499 0.01 0.01
0 0.424633 0.428758 0.01 0.01
0 0.409607 0.438084 0.01 0.01
0 0.410384 0.451038 0.01 0.01
0 0.421524 0.448188 0.01 0.01
0 0.419970 0.437048 0.01 0.01
0 0.431628 0.441193 0.01 0.01
0 0.433700 0.437825 0.01 0.01
0 0.442768 0.438602 0.01 0.01
0 0.435514 0.446633 0.01 0.01
0 0.430332 0.453369 0.01 0.01
0 0.423597 0.465286 0.01 0.01
0 0.422560 0.477981 0.01 0.01
0 0.432923 0.472022 0.01 0.01
0 0.437845 0.463732 0.01 0.01
0 0.444322 0.450260 0.01 0.01
0 0.447431 0.471504 0.01 0.01
0 0.442509 0.481089 0.01 0.01
0 0.449503 0.464509 0.01 0.01
0 0.455462 0.451815 0.01 0.01
0 0.460125 0.463473 0.01 0.01
0 0.467638 0.458032 0.01 0.01
0 0.467638 0.463991 0.01 0.01
0 0.469192 0.472799 0.01 0.01
0 0.459348 0.470727 0.01 0.01
0 0.463752 0.484716 0.01 0.01
0 0.449762 0.490157 0.01 0.01
0 0.459348 0.496115 0.01 0.01
0 0.439400 0.510882 0.01 0.01
0 0.426446 0.510882 0.01 0.01
0 0.422819 0.506219 0.01 0.01
0 0.417120 0.496374 0.01 0.01
0 0.410902 0.488343 0.01 0.01
0 0.423078 0.491970 0.01 0.01
0 0.403389 0.504665 0.01 0.01
0 0.407016 0.513991 0.01 0.01
0 0.399762 0.518136 0.01 0.01
0 0.411420 0.524872 0.01 0.01
0 0.400021 0.525649 0.01 0.01
0 0.414529 0.518395 0.01 0.01
0 0.418674 0.525649 0.01 0.01
0 0.426187 0.522281 0.01 0.01
0 0.433959 0.517877 0.01 0.01
0 0.438623 0.524354 0.01 0.01
0 0.446395 0.514509 0.01 0.01
0 0.455203 0.518395 0.01 0.01
0 0.449503 0.526944 0.01 0.01
0 0.410384 0.534716 0.01 0.01
0 0.405203 0.543266 0.01 0.01
0 0.466861 0.517100 0.01 0.01
0 0.469970 0.509846 0.01 0.01
0 0.468933 0.500260 0.01 0.01
0 0.483441 0.498447 0.01 0.01
0 0.474115 0.465027 0.01 0.01
0 0.478260 0.461141 0.01 0.01
0 0.455721 0.441711 0.01 0.01
0 0.445617 0.432126 0.01 0.01
0 0.445358 0.421763 0.01 0.01
0 0.436291 0.421504 0.01 0.01
0 0.461680 0.418913 0.01 0.01
0 0.454167 0.431867 0.01 0.01
0 0.463493 0.433162 0.01 0.01
0 0.473338 0.420727 0.01 0.01
0 0.472042 0.432644 0.01 0.01
0 0.467897 0.441970 0.01 0.01
0 0.480073 0.434457 0.01 0.01
0 0.491990 0.436789 0.01 0.01
0 0.484218 0.445338 0.01 0.01
0 0.494581 0.452851 0.01 0.01
0 0.500799 0.497670 0.01 0.01
0 0.493804 0.498447 0.01 0.01
0 0.493286 0.444561 0.01 0.01
0 0.483959 0.436012 0.01 0.01
0 0.500021 0.429794 0.01 0.01
0 0.500540 0.421504 0.01 0.01
0 0.508053 0.425390 0.01 0.01
0 0.502353 0.438861 0.01 0.01
0 0.504426 0.448447 0.01 0.01
0 0.514270 0.457773 0.01 0.01
0 0.514529 0.447670 0.01 0.01
0 0.510125 0.446893 0.01 0.01
0 0.523856 0.449483 0.01 0.01
0 0.512975 0.433421 0.01 0.01
0 0.514529 0.424095 0.01 0.01
0 0.524115 0.423576 0.01 0.01
0 0.535255 0.426167 0.01 0.01
0 0.528519 0.433162 0.01 0.01
0 0.537327 0.452592 0.01 0.01
0 0.541472 0.462437 0.01 0.01
0 0.545099 0.439639 0.01 0.01
0 0.548726 0.445856 0.01 0.01
0 0.528519 0.490157 0.01 0.01
0 0.526446 0.500519 0.01 0.01
0 0.520488 0.512437 0.01 0.01
0 0.517638 0.517618 0.01 0.01
0 0.529296 0.523576 0.01 0.01
0 0.531887 0.503369 0.01 0.01
0 0.527483 0.511141 0.01 0.01
0 0.539400 0.506478 0.01 0.01
0 0.533959 0.501038 0.01 0.01
0 0.538363 0.494561 0.01 0.01
0 0.547172 0.504665 0.01 0.01
0 0.551058 0.497670 0.01 0.01
0 0.543027 0.527462 0.01 0.01
0 0.539659 0.531608 0.01 0.01
0 0.526446 0.458032 0.01 0.01
0 0.570476 0.561659 0.01 0.01
0 0.622031 0.533680 0.01 0.01
0 0.612186 0.529794 0.01 0.01
0 0.600787 0.527462 0.01 0.01
0 0.582134 0.529535 0.01 0.01
0 0.575399 0.520468 0.01 0.01
0 0.567886 0.519431 0.01 0.01
0 0.573067 0.511918 0.01 0.01
0 0.555450 0.507514 0.01 0.01
0 0.549751 0.517359 0.01 0.01
0 0.562186 0.533939 0.01 0.01
0 0.570217 0.537566 0.01 0.01
0 0.587575 0.519431 0.01 0.01
0 0.581357 0.505701 0.01 0.01
0 0.586538 0.503110 0.01 0.01
0 0.592238 0.511141 0.01 0.01
0 0.594570 0.502592 0.01 0.01
0 0.604414 0.503887 0.01 0.01
0 0.609595 0.516582 0.01 0.01
0 0.621254 0.522281 0.01 0.01
0 0.618663 0.516582 0.01 0.01
0 0.616331 0.508810 0.01 0.01
0 0.613481 0.502592 0.01 0.01
0 0.628248 0.509069 0.01 0.01
0 0.632134 0.522799 0.01 0.01
0 0.628507 0.517618 0.01 0.01
0 0.616331 0.546633 0.01 0.01
0 0.633689 0.533421 0.01 0.01
0 0.638611 0.525390 0.01 0.01
0 0.639906 0.504924 0.01 0.01
0 0.652342 0.516323 0.01 0.01
0 0.650528 0.528499 0.01 0.01
0 0.647937 0.541452 0.01 0.01
0 0.651564 0.558292 0.01 0.01
0 0.653637 0.534716 0.01 0.01
0 0.660891 0.525908 0.01 0.01
0 0.658818 0.516841 0.01 0.01
0 0.670735 0.523836 0.01 0.01
0 0.667886 0.535753 0.01 0.01
0 0.672031 0.542229 0.01 0.01
0 0.677989 0.530830 0.01 0.01
0 0.685243 0.527722 0.01 0.01
0 0.660891 0.589898 0.01 0.01
0 0.564928 0.488343 0.01 0.01
0 0.572959 0.493266 0.01 0.01
0 0.576327 0.485753 0.01 0.01
0 0.565964 0.477462 0.01 0.01
0 0.567000 0.462178 0.01 0.01
0 0.577104 0.466064 0.01 0.01
0 0.591612 0.461141 0.01 0.01
0 0.585394 0.478240 0.01 0.01
0 0.575031 0.476426 0.01 0.01
0 0.596275 0.484198 0.01 0.01
0 0.598865 0.475390 0.01 0.01
0 0.582803 0.497152 0.01 0.01
0 0.585912 0.489639 0.01 0.01
0 0.590834 0.496633 0.01 0.01
0 0.598347 0.499224 0.01 0.01
0 0.605342 0.492488 0.01 0.01
0 0.605083 0.479017 0.01 0.01
0 0.610005 0.471763 0.01 0.01
0 0.611301 0.465545 0.01 0.01
0 0.599902 0.459069 0.01 0.01
0 0.614669 0.458032 0.01 0.01
0 0.620368 0.463214 0.01 0.01
0 0.621663 0.454665 0.01 0.01
0 0.621145 0.489639 0.01 0.01
0 0.611560 0.489380 0.01 0.01
0 0.627881 0.501297 0.01 0.01
0 0.645757 0.501297 0.01 0.01
0 0.645498 0.484198 0.01 0.01
0 0.635912 0.483939 0.01 0.01
0 0.626586 0.477462 0.01 0.01
0 0.615964 0.478758 0.01 0.01
0 0.629954 0.469950 0.01 0.01
0 0.635394 0.457514 0.01 0.01
0 0.644720 0.469950 0.01 0.01
0 0.653788 0.472022 0.01 0.01
0 0.664410 0.479535 0.01 0.01
0 0.663891 0.487566 0.01 0.01
0 0.655601 0.492229 0.01 0.01
0 0.658451 0.499483 0.01 0.01
0 0.665187 0.498188 0.01 0.01
0 0.672700 0.501297 0.01 0.01
0 0.675031 0.509069 0.01 0.01
0 0.662596 0.511400 0.01 0.01
0 0.649125 0.511400 0.01 0.01
0 0.638503 0.510364 0.01 0.01
0 0.674772 0.489639 0.01 0.01
0 0.673477 0.483421 0.01 0.01
0 0.685394 0.489121 0.01 0.01
0 0.684358 0.500001 0.01 0.01
0 0.675808 0.495079 0.01 0.01
0 0.689798 0.499224 0.01 0.01
0 0.693684 0.490416 0.01 0.01
0 0.695498 0.497152 0.01 0.01
0 0.702233 0.489898 0.01 0.01
0 0.689539 0.513214 0.01 0.01
0 0.682544 0.518654 0.01 0.01
0 0.699902 0.510364 0.01 0.01
0 0.694202 0.534716 0.01 0.01
0 0.697570 0.545079 0.01 0.01
0 0.703529 0.536012 0.01 0.01
0 0.714150 0.541970 0.01 0.01
0 0.722182 0.537566 0.01 0.01
0 0.725808 0.524613 0.01 0.01
0 0.708451 0.509846 0.01 0.01
0 0.702233 0.501297 0.01 0.01
0 0.713632 0.491711 0.01 0.01
0 0.721922 0.507514 0.01 0.01
0 0.738503 0.517877 0.01 0.01
0 0.721404 0.486012 0.01 0.01
0 0.709487 0.473836 0.01 0.01
0 0.700679 0.473836 0.01 0.01
0 0.691353 0.472540 0.01 0.01
0 0.669591 0.462696 0.01 0.01
0 0.660264 0.467100 0.01 0.01
0 0.647052 0.460882 0.01 0.01
0 0.580731 0.451297 0.01 0.01
0 0.681767 0.470468 0.01 0.01
0 0.677881 0.453887 0.01 0.01
0 0.662855 0.450260 0.01 0.01
0 0.650938 0.448188 0.01 0.01
0 0.655601 0.457255 0.01 0.01
0 0.696793 0.458551 0.01 0.01
0 0.702751 0.458551 0.01 0.01
0 0.697570 0.452592 0.01 0.01
0 0.692907 0.447929 0.01 0.01
0 0.701197 0.448706 0.01 0.01
0 0.713373 0.452592 0.01 0.01
0 0.717518 0.472281 0.01 0.01
0 0.724513 0.472281 0.01 0.01
0 0.734358 0.537048 0.01 0.01
0 0.718814 0.553628 0.01 0.01
0 0.729954 0.551297 0.01 0.01
0 0.569073 0.452851 0.01 0.01
0 0.578140 0.458032 0.01 0.01
0 0.721404 0.456219 0.01 0.01
0 0.732026 0.457514 0.01 0.01
0 0.549698 0.427981 0.01 0.01
0 0.556434 0.441970 0.01 0.01
0 0.560320 0.437048 0.01 0.01
0 0.557211 0.430053 0.01 0.01
0 0.572237 0.429017 0.01 0.01
0 0.570423 0.437307 0.01 0.01
0 0.568351 0.445338 0.01 0.01
0 0.578713 0.443007 0.01 0.01
0 0.582859 0.431348 0.01 0.01
0 0.596589 0.432644 0.01 0.01
0 0.595812 0.444561 0.01 0.01
0 0.600993 0.451556 0.01 0.01
0 0.605916 0.436012 0.01 0.01
0 0.634413 0.443007 0.01 0.01
0 0.616278 0.443525 0.01 0.01
0 0.650216 0.437566 0.01 0.01
0 0.686486 0.458292 0.01 0.01
0 0.245365 0.271504 0.01 0.01
0 0.241479 0.268654 0.01 0.01
0 0.235521 0.284975 0.01 0.01
0 0.262464 0.282385 0.01 0.01
0 0.221013 0.268654 0.01 0.01
0 0.219199 0.273836 0.01 0.01
0 0.280339 0.280571 0.01 0.01
0 0.268163 0.301038 0.01 0.01
0 0.279821 0.301297 0.01 0.01
0 0.292515 0.301556 0.01 0.01
0 0.288111 0.316582 0.01 0.01
0 0.300806 0.316582 0.01 0.01
0 0.314277 0.290934 0.01 0.01
0 0.309614 0.322022 0.01 0.01
0 0.305728 0.302333 0.01 0.01
0 0.317904 0.320727 0.01 0.01
0 0.328785 0.313473 0.01 0.01
0 0.321790 0.310105 0.01 0.01
0 0.326971 0.293525 0.01 0.01
0 0.336816 0.296115 0.01 0.01
0 0.344070 0.299224 0.01 0.01
0 0.344847 0.290416 0.01 0.01
0 0.356764 0.297929 0.01 0.01
0 0.360132 0.290934 0.01 0.01
0 0.351583 0.315804 0.01 0.01
0 0.341479 0.313991 0.01 0.01
0 0.344847 0.322281 0.01 0.01
0 0.354692 0.333939 0.01 0.01
0 0.351583 0.357514 0.01 0.01
0 0.350547 0.347929 0.01 0.01
0 0.357541 0.347411 0.01 0.01
0 0.367127 0.336789 0.01 0.01
0 0.364536 0.318654 0.01 0.01
0 0.362723 0.311659 0.01 0.01
0 0.373604 0.324095 0.01 0.01
0 0.355469 0.304405 0.01 0.01
0 0.380598 0.295856 0.01 0.01
0 0.393552 0.295597 0.01 0.01
0 0.375158 0.314250 0.01 0.01
0 0.379821 0.327981 0.01 0.01
0 0.369458 0.354405 0.01 0.01
0 0.364795 0.342747 0.01 0.01
0 0.374122 0.351297 0.01 0.01
0 0.380339 0.355442 0.01 0.01
0 0.378785 0.348447 0.01 0.01
0 0.386557 0.347670 0.01 0.01
0 0.373604 0.342229 0.01 0.01
0 0.387334 0.329794 0.01 0.01
0 0.381894 0.320468 0.01 0.01
0 0.386816 0.314509 0.01 0.01
0 0.393293 0.319690 0.01 0.01
0 0.399769 0.333162 0.01 0.01
0 0.403396 0.322540 0.01 0.01
0 0.405469 0.312955 0.01 0.01
0 0.406246 0.305960 0.01 0.01
0 0.398992 0.298447 0.01 0.01
0 0.396920 0.347411 0.01 0.01
0 0.390961 0.356737 0.01 0.01
0 0.383448 0.362178 0.01 0.01
0 0.394847 0.362178 0.01 0.01
0 0.401583 0.355442 0.01 0.01
0 0.406505 0.364768 0.01 0.01
0 0.408059 0.349742 0.01 0.01
0 0.365054 0.304665 0.01 0.01
0 0.307036 0.399224 0.01 0.01
0 0.411181 0.330830 0.01 0.01
0 0.412217 0.323317 0.01 0.01
0 0.418176 0.318395 0.01 0.01
0 0.413254 0.357773 0.01 0.01
0 0.417399 0.351556 0.01 0.01
0 0.420248 0.344043 0.01 0.01
0 0.426207 0.348188 0.01 0.01
0 0.431647 0.361918 0.01 0.01
0 0.426725 0.368395 0.01 0.01
0 0.417658 0.367359 0.01 0.01
0 0.439160 0.370727 0.01 0.01
0 0.436570 0.359587 0.01 0.01
0 0.445896 0.365027 0.01 0.01
0 0.447969 0.355701 0.01 0.01
0 0.454186 0.341193 0.01 0.01
0 0.443823 0.334198 0.01 0.01
0 0.433720 0.335753 0.01 0.01
0 0.424393 0.328240 0.01 0.01
0 0.425948 0.321504 0.01 0.01
0 0.448746 0.372022 0.01 0.01
0 0.453150 0.365027 0.01 0.01
0 0.460145 0.357514 0.01 0.01
0 0.464290 0.372281 0.01 0.01
0 0.472580 0.357773 0.01 0.01
0 0.457554 0.372022 0.01 0.01
0 0.475171 0.367359 0.01 0.01
0 0.473875 0.339898 0.01 0.01
0 0.461440 0.341452 0.01 0.01
0 0.466880 0.333939 0.01 0.01
0 0.455222 0.330830 0.01 0.01
0 0.436570 0.326426 0.01 0.01
0 0.453927 0.320986 0.01 0.01
0 0.451855 0.313214 0.01 0.01
0 0.463772 0.319431 0.01 0.01
0 0.464808 0.327722 0.01 0.01
0 0.406036 0.411659 0.01 0.01
0 0.405518 0.420468 0.01 0.01
0 0.421321 0.407773 0.01 0.01
0 0.427021 0.413732 0.01 0.01
0 0.430648 0.417877 0.01 0.01
0 0.438161 0.412955 0.01 0.01
0 0.454619 0.551038 0.01 0.01
0 0.446070 0.556219 0.01 0.01
0 0.480267 0.522281 0.01 0.01
0 0.480526 0.511659 0.01 0.01
0 0.414723 0.595597 0.01 0.01
0 0.404360 0.594561 0.01 0.01
0 0.379490 0.602074 0.01 0.01
0 0.432339 0.570468 0.01 0.01
0 0.424567 0.600519 0.01 0.01
0 0.425604 0.620727 0.01 0.01
0 0.466277 0.632385 0.01 0.01
0 0.472754 0.609846 0.01 0.01
0 0.740462 0.551556 0.01 0.01
0 0.743053 0.538084 0.01 0.01
0 0.754970 0.543007 0.01 0.01
0 0.755488 0.534716 0.01 0.01
0 0.764556 0.522799 0.01 0.01
0 0.751084 0.515286 0.01 0.01
0 0.767665 0.502592 0.01 0.01
0 0.773623 0.517359 0.01 0.01
0 0.768442 0.513732 0.01 0.01
0 0.764815 0.529794 0.01 0.01
0 0.761706 0.540157 0.01 0.01
0 0.761188 0.553110 0.01 0.01
0 0.753675 0.555960 0.01 0.01
0 0.768960 0.561918 0.01 0.01
0 0.775696 0.545856 0.01 0.01
0 0.774141 0.539121 0.01 0.01
0 0.779323 0.556996 0.01 0.01
0 0.769219 0.554146 0.01 0.01
0 0.783468 0.531348 0.01 0.01
0 0.788131 0.516323 0.01 0.01
0 0.781395 0.507773 0.01 0.01
0 0.795126 0.522540 0.01 0.01
0 0.789167 0.502851 0.01 0.01
0 0.788649 0.495597 0.01 0.01
0 0.788908 0.488343 0.01 0.01
0 0.810152 0.517359 0.01 0.01
0 0.807302 0.510623 0.01 0.01
0 0.799530 0.517618 0.01 0.01
0 0.794608 0.511400 0.01 0.01
0 0.792535 0.536789 0.01 0.01
0 0.796162 0.539380 0.01 0.01
0 0.797716 0.547152 0.01 0.01
0 0.804193 0.546893 0.01 0.01
0 0.794348 0.555183 0.01 0.01
0 0.802639 0.556478 0.01 0.01
0 0.798235 0.581608 0.01 0.01
0 0.811706 0.580571 0.01 0.01
0 0.814297 0.555442 0.01 0.01
0 0.816110 0.548188 0.01 0.01
0 0.811188 0.541193 0.01 0.01
0 0.804711 0.529017 0.01 0.01
0 0.814038 0.530312 0.01 0.01
0 0.820514 0.529794 0.01 0.01
0 0.820514 0.524613 0.01 0.01
0 0.821292 0.516582 0.01 0.01
0 0.829064 0.520727 0.01 0.01
0 0.829582 0.527462 0.01 0.01
0 0.834245 0.537307 0.01 0.01
0 0.836058 0.526426 0.01 0.01
0 0.823882 0.554924 0.01 0.01
0 0.844608 0.538861 0.01 0.01
0 0.849789 0.555442 0.01 0.01
0 0.857302 0.559846 0.01 0.01
0 0.859893 0.548706 0.01 0.01
0 0.853675 0.531089 0.01 0.01
0 0.850566 0.534716 0.01 0.01
0 0.839685 0.516064 0.01 0.01
0 0.828804 0.507514 0.01 0.01
0 0.817146 0.511141 0.01 0.01
0 0.811965 0.505960 0.01 0.01
0 0.810152 0.492229 0.01 0.01
0 0.821032 0.490934 0.01 0.01
0 0.821551 0.481608 0.01 0.01
0 0.830618 0.490675 0.01 0.01
0 0.841758 0.501556 0.01 0.01
0 0.839944 0.509069 0.01 0.01
0 0.831136 0.503887 0.01 0.01
0 0.848494 0.508810 0.01 0.01
0 0.847198 0.517877 0.01 0.01
0 0.859893 0.510105 0.01 0.01
0 0.857043 0.497411 0.01 0.01
0 0.852121 0.494820 0.01 0.01
0 0.842794 0.489639 0.01 0.01
0 0.848235 0.484198 0.01 0.01
0 0.852898 0.488602 0.01 0.01
0 0.859893 0.488602 0.01 0.01
0 0.872069 0.505701 0.01 0.01
0 0.866369 0.509587 0.01 0.01
0 0.862483 0.526167 0.01 0.01
0 0.864815 0.536012 0.01 0.01
0 0.875437 0.547670 0.01 0.01
0 0.874918 0.540934 0.01 0.01
0 0.867665 0.546374 0.01 0.01
0 0.872069 0.526944 0.01 0.01
0 0.879064 0.523058 0.01 0.01
0 0.886576 0.528758 0.01 0.01
0 0.883727 0.549224 0.01 0.01
0 0.821032 0.537307 0.01 0.01
0 0.802121 0.497152 0.01 0.01
0 0.798753 0.482644 0.01 0.01
0 0.720163 0.437825 0.01 0.01
0 0.729230 0.439121 0.01 0.01
0 0.740111 0.441970 0.01 0.01
0 0.746329 0.440934 0.01 0.01
0 0.757210 0.447929 0.01 0.01
0 0.747883 0.452851 0.01 0.01
0 0.739852 0.467618 0.01 0.01
0 0.743479 0.475131 0.01 0.01
0 0.733635 0.475131 0.01 0.01
0 0.752806 0.474613 0.01 0.01
0 0.750733 0.466064 0.01 0.01
0 0.762909 0.475390 0.01 0.01
0 0.767313 0.458032 0.01 0.01
0 0.760319 0.459069 0.01 0.01
0 0.764982 0.444561 0.01 0.01
0 0.759800 0.446633 0.01 0.01
0 0.776381 0.443266 0.01 0.01
0 0.778194 0.464768 0.01 0.01
0 0.768091 0.453887 0.01 0.01
0 0.777935 0.453887 0.01 0.01
0 0.784671 0.445079 0.01 0.01
0 0.787262 0.456737 0.01 0.01
0 0.798142 0.456478 0.01 0.01
0 0.786743 0.473317 0.01 0.01
0 0.806173 0.476944 0.01 0.01
0 0.807210 0.455960 0.01 0.01
0 0.806173 0.445338 0.01 0.01
0 0.800733 0.441193 0.01 0.01
0 0.813686 0.439639 0.01 0.01
0 0.822495 0.439898 0.01 0.01
0 0.817572 0.458032 0.01 0.01
0 0.808764 0.466841 0.01 0.01
0 0.815241 0.468136 0.01 0.01
0 0.816277 0.464768 0.01 0.01
0 0.829490 0.461659 0.01 0.01
0 0.832857 0.441970 0.01 0.01
0 0.829749 0.484975 0.01 0.01
0 0.828453 0.479017 0.01 0.01
0 0.824567 0.472022 0.01 0.01
0 0.846070 0.477203 0.01 0.01
0 0.837262 0.462696 0.01 0.01
0 0.840370 0.443007 0.01 0.01
0 0.849697 0.442488 0.01 0.01
0 0.856692 0.443007 0.01 0.01
0 0.848142 0.466582 0.01 0.01
0 0.853065 0.470209 0.01 0.01
0 0.852806 0.478499 0.01 0.01
0 0.859800 0.472540 0.01 0.01
0 0.746588 0.510623 0.01 0.01
0 0.860500 0.445079 0.01 0.01
0 0.871381 0.438861 0.01 0.01
0 0.862314 0.458032 0.01 0.01
0 0.868273 0.465545 0.01 0.01
0 0.878117 0.461918 0.01 0.01
0 0.868273 0.469431 0.01 0.01
0 0.862055 0.475390 0.01 0.01
0 0.867495 0.482644 0.01 0.01
0 0.876563 0.488343 0.01 0.01
0 0.872677 0.497929 0.01 0.01
0 0.880190 0.497670 0.01 0.01
0 0.883557 0.488861 0.01 0.01
0 0.880190 0.481089 0.01 0.01
0 0.880967 0.476167 0.01 0.01
0 0.887184 0.469172 0.01 0.01
0 0.881485 0.467359 0.01 0.01
0 0.890552 0.458292 0.01 0.01
0 0.893920 0.463732 0.01 0.01
0 0.882262 0.458810 0.01 0.01
0 0.902988 0.460882 0.01 0.01
0 0.904801 0.470468 0.01 0.01
0 0.889775 0.483939 0.01 0.01
0 0.888739 0.500001 0.01 0.01
0 0.887443 0.510105 0.01 0.01
0 0.888221 0.517877 0.01 0.01
0 0.903506 0.496893 0.01 0.01
0 0.898324 0.510882 0.01 0.01
0 0.900138 0.505960 0.01 0.01
0 0.899102 0.518395 0.01 0.01
0 0.892107 0.521504 0.01 0.01
0 0.896511 0.534198 0.01 0.01
0 0.907651 0.529535 0.01 0.01
0 0.909723 0.522281 0.01 0.01
0 0.913091 0.516841 0.01 0.01
0 0.914905 0.508551 0.01 0.01
0 0.913609 0.496633 0.01 0.01
0 0.905060 0.488084 0.01 0.01
0 0.894438 0.488084 0.01 0.01
0 0.901433 0.476426 0.01 0.01
0 0.901951 0.483939 0.01 0.01
0 0.909982 0.475131 0.01 0.01
0 0.915164 0.469950 0.01 0.01
0 0.917236 0.456996 0.01 0.01
0 0.921899 0.468654 0.01 0.01
0 0.928635 0.463473 0.01 0.01
0 0.935112 0.457255 0.01 0.01
0 0.944956 0.458292 0.01 0.01
0 0.938480 0.469431 0.01 0.01
0 0.932003 0.469950 0.01 0.01
0 0.929153 0.476944 0.01 0.01
0 0.916459 0.482385 0.01 0.01
0 0.921899 0.493784 0.01 0.01
0 0.925785 0.490416 0.01 0.01
0 0.935630 0.491452 0.01 0.01
0 0.934335 0.498188 0.01 0.01
0 0.930967 0.505701 0.01 0.01
0 0.924231 0.517618 0.01 0.01
0 0.920863 0.523836 0.01 0.01
0 0.918532 0.534457 0.01 0.01
0 0.896511 0.540934 0.01 0.01
0 0.904283 0.553887 0.01 0.01
0 0.930967 0.539380 0.01 0.01
0 0.934594 0.541711 0.01 0.01
0 0.938998 0.522540 0.01 0.01
0 0.933298 0.526944 0.01 0.01
0 0.937703 0.483421 0.01 0.01
0 0.940552 0.475649 0.01 0.01
0 0.946770 0.486530 0.01 0.01
0 0.946511 0.491193 0.01 0.01
0 0.951692 0.498188 0.01 0.01
0 0.947806 0.482903 0.01 0.01
0 0.948583 0.476944 0.01 0.01
0 0.951951 0.466841 0.01 0.01
0 0.955837 0.461400 0.01 0.01
0 0.956096 0.441193 0.01 0.01
0 0.966718 0.446115 0.01 0.01
0 0.965164 0.460623 0.01 0.01
0 0.956874 0.471504 0.01 0.01
0 0.959723 0.484716 0.01 0.01
0 0.968013 0.485753 0.01 0.01
0 0.973195 0.472281 0.01 0.01
0 0.977081 0.457773 0.01 0.01
0 0.982521 0.471245 0.01 0.01
0 0.988480 0.450260 0.01 0.01
0 0.985112 0.460882 0.01 0.01
0 0.994956 0.466841 0.01 0.01
0 1.000138 0.451556 0.01 0.01
0 0.984335 0.488861 0.01 0.01
0 0.942107 0.546374 0.01 0.01
0 0.957133 0.527981 0.01 0.01
0 0.954024 0.535235 0.01 0.01
0 0.949361 0.533421 0.01 0.01
0 0.964127 0.518395 0.01 0.01
0 0.909982 0.549483 0.01 0.01
0 0.929671 0.552074 0.01 0.01
0 0.945734 0.551556 0.01 0.01
0 0.952988 0.565286 0.01 0.01
0 0.953506 0.548447 0.01 0.01
0 0.965682 0.545597 0.01 0.01
0 0.978894 0.553110 0.01 0.01
0 0.971381 0.561400 0.01 0.01
0 0.985112 0.539121 0.01 0.01
0 0.974490 0.536012 0.01 0.01
0 0.966200 0.534198 0.01 0.01
0 0.968013 0.525390 0.01 0.01
0 0.979931 0.523576 0.01 0.01
0 0.985112 0.514509 0.01 0.01
0 0.967754 0.515804 0.01 0.01
0 0.979153 0.509587 0.01 0.01
0 0.974490 0.506737 0.01 0.01
0 1.003506 0.515027 0.01 0.01
0 0.992625 0.518654 0.01 0.01
0 0.998324 0.539121 0.01 0.01
0 1.005837 0.536789 0.01 0.01
0 1.001692 0.531608 0.01 0.01
0 0.995216 0.527981 0.01 0.01
0 1.008687 0.522281 0.01 0.01
0 0.995993 0.546374 0.01 0.01
0 0.920086 0.550779 0.01 0.01
0 0.827340 0.447152 0.01 0.01
0 1.076135 0.666841 0.01 0.01
0 1.056446 0.676685 0.01 0.01
0 1.058000 0.664250 0.01 0.01
0 1.053855 0.641452 0.01 0.01
0 1.041938 0.653887 0.01 0.01
0 1.030021 0.647152 0.01 0.01
0 1.016549 0.641970 0.01 0.01
0 1.055410 0.587566 0.01 0.01
0 1.042456 0.580830 0.01 0.01
0 1.035720 0.602074 0.01 0.01
0 1.051264 0.557514 0.01 0.01
0 1.075099 0.589121 0.01 0.01
0 1.104114 0.682385 0.01 0.01
0 1.113441 0.659587 0.01 0.01
0 1.106705 0.642488 0.01 0.01
0 1.115513 0.627462 0.01 0.01
0 1.108777 0.625390 0.01 0.01
0 1.126912 0.667359 0.01 0.01
0 1.154373 0.688084 0.01 0.01
0 1.156446 0.669431 0.01 0.01
0 1.175099 0.670468 0.01 0.01
0 1.136239 0.646633 0.01 0.01
0 1.156446 0.649742 0.01 0.01
0 1.172508 0.626944 0.01 0.01
0 1.198415 0.623836 0.01 0.01
0 1.135720 0.595856 0.01 0.01
0 1.118104 0.598447 0.01 0.01
0 1.089088 0.617618 0.01 0.01
0 1.074581 0.611918 0.01 0.01
0 1.100487 0.598447 0.01 0.01
0 1.083907 0.582903 0.01 0.01
0 1.099969 0.573576 0.01 0.01
0 1.117068 0.582385 0.01 0.01
0 1.163182 0.603628 0.01 0.01
0 1.148674 0.581348 0.01 0.01
0 1.163700 0.586012 0.01 0.01
0 1.126394 0.559587 0.01 0.01
0 1.116549 0.555960 0.01 0.01
0 1.064736 0.545597 0.01 0.01
0 1.052301 0.543525 0.01 0.01
0 1.041420 0.552333 0.01 0.01
0 1.034166 0.555960 0.01 0.01
0 1.006187 0.713473 0.01 0.01
0 0.967845 0.693266 0.01 0.01
0 0.997378 0.697411 0.01 0.01
0 1.007741 0.704665 0.01 0.01
0 1.119140 0.737825 0.01 0.01
0 1.080798 0.732644 0.01 0.01
0 1.076135 0.708810 0.01 0.01
0 1.071472 0.699483 0.01 0.01
0 1.093751 0.698965 0.01 0.01
0 1.143492 0.748188 0.01 0.01
0 1.129503 0.754924 0.01 0.01
0 1.071472 0.772022 0.01 0.01
0 1.093751 0.712437 0.01 0.01
0 1.088570 0.722799 0.01 0.01
0 1.151264 0.724354 0.01 0.01
0 1.156446 0.750779 0.01 0.01
0 1.146083 0.736789 0.01 0.01
0 1.160591 0.738343 0.01 0.01
0 1.164218 0.725390 0.01 0.01
0 1.178207 0.703628 0.01 0.01
0 1.213959 0.678758 0.01 0.01
0 1.227948 0.649742 0.01 0.01
0 1.219658 0.618136 0.01 0.01
0 1.245565 0.653369 0.01 0.01
0 1.226912 0.698447 0.01 0.01
0 1.202560 0.727462 0.01 0.01
0 1.181834 0.726426 0.01 0.01
0 1.125358 0.717100 0.01 0.01
0 1.174062 0.612955 0.01 0.01
0 1.181834 0.578758 0.01 0.01
0 1.195306 0.602074 0.01 0.01
0 1.211368 0.577722 0.01 0.01
0 1.213959 0.600001 0.01 0.01
0 1.237275 0.597929 0.01 0.01
0 1.232612 0.585494 0.01 0.01
0 1.232093 0.569950 0.01 0.01
0 1.244011 0.575649 0.01 0.01
0 1.236757 0.560623 0.01 0.01
0 1.215513 0.565286 0.01 0.01
0 1.245565 0.624354 0.01 0.01
0 1.006316 0.554146 0.01 0.01
0 1.015902 0.550001 0.01 0.01
0 1.024192 0.531608 0.01 0.01
0 1.019270 0.518136 0.01 0.01
0 1.010202 0.515027 0.01 0.01
0 1.010461 0.504405 0.01 0.01
0 1.021860 0.514250 0.01 0.01
0 1.033000 0.516323 0.01 0.01
0 1.024710 0.505442 0.01 0.01
0 1.032741 0.501556 0.01 0.01
0 1.022897 0.491970 0.01 0.01
0 1.042068 0.547152 0.01 0.01
0 1.036109 0.531348 0.01 0.01
0 1.042068 0.521763 0.01 0.01
0 1.055280 0.524613 0.01 0.01
0 1.055021 0.507514 0.01 0.01
0 1.043622 0.506478 0.01 0.01
0 1.052689 0.501815 0.01 0.01
0 1.062793 0.512437 0.01 0.01
0 1.070824 0.517877 0.01 0.01
0 1.074192 0.500779 0.01 0.01
0 1.063052 0.570209 0.01 0.01
0 1.066679 0.556478 0.01 0.01
0 1.088182 0.548447 0.01 0.01
0 1.085850 0.535235 0.01 0.01
0 1.081446 0.524613 0.01 0.01
0 1.084814 0.501815 0.01 0.01
0 1.096213 0.522540 0.01 0.01
0 1.081446 0.518913 0.01 0.01
0 1.110979 0.508032 0.01 0.01
0 1.108389 0.528240 0.01 0.01
0 1.139736 0.553628 0.01 0.01
0 1.130410 0.534457 0.01 0.01
0 1.138182 0.523058 0.01 0.01
0 1.145435 0.533421 0.01 0.01
0 1.145435 0.507255 0.01 0.01
0 1.135850 0.497929 0.01 0.01
0 1.127819 0.493525 0.01 0.01
0 1.119011 0.491711 0.01 0.01
0 1.114865 0.488602 0.01 0.01
0 1.107353 0.488602 0.01 0.01
0 1.102948 0.500001 0.01 0.01
0 1.087145 0.484457 0.01 0.01
0 1.072638 0.490675 0.01 0.01
0 1.066679 0.499224 0.01 0.01
0 1.064088 0.491452 0.01 0.01
0 1.056575 0.495597 0.01 0.01
0 1.045694 0.497411 0.01 0.01
0 1.035332 0.493266 0.01 0.01
0 1.035850 0.485235 0.01 0.01
0 1.041549 0.481867 0.01 0.01
0 1.050358 0.479535 0.01 0.01
0 1.067974 0.479276 0.01 0.01
0 1.055539 0.479017 0.01 0.01
0 1.103207 0.478240 0.01 0.01
0 1.086368 0.493007 0.01 0.01
0 1.125228 0.485753 0.01 0.01
0 1.124192 0.475908 0.01 0.01
0 1.133259 0.474354 0.01 0.01
0 1.149321 0.481348 0.01 0.01
0 1.126264 0.511918 0.01 0.01
0 1.109166 0.558810 0.01 0.01
0 1.012320 0.470727 0.01 0.01
0 1.009729 0.463732 0.01 0.01
0 1.000921 0.457255 0.01 0.01
0 1.026827 0.457514 0.01 0.01
0 1.028900 0.448188 0.01 0.01
0 1.040299 0.450779 0.01 0.01
0 1.041594 0.461918 0.01 0.01
0 1.025532 0.468654 0.01 0.01
0 1.049366 0.456478 0.01 0.01
0 1.058693 0.458292 0.01 0.01
0 1.059729 0.439898 0.01 0.01
0 1.066206 0.459846 0.01 0.01
0 1.072164 0.442747 0.01 0.01
0 1.078382 0.455442 0.01 0.01
0 1.078641 0.460882 0.01 0.01
0 1.087449 0.466064 0.01 0.01
0 1.087708 0.446374 0.01 0.01
0 1.079159 0.444561 0.01 0.01
0 1.098071 0.451556 0.01 0.01
0 1.102216 0.447411 0.01 0.01
0 1.099625 0.440934 0.01 0.01
0 1.106361 0.440416 0.01 0.01
0 1.112320 0.441452 0.01 0.01
0 1.109470 0.451038 0.01 0.01
0 1.101698 0.461659 0.01 0.01
0 1.108434 0.463732 0.01 0.01
0 1.089004 0.473317 0.01 0.01
0 1.114133 0.472281 0.01 0.01
0 1.123978 0.460364 0.01 0.01
0 1.119833 0.453369 0.01 0.01
0 1.121128 0.448447 0.01 0.01
0 1.142372 0.439639 0.01 0.01
0 1.140817 0.443784 0.01 0.01
0 1.135895 0.460882 0.01 0.01
0 1.153511 0.464768 0.01 0.01
0 1.161543 0.457773 0.01 0.01
0 1.158952 0.447411 0.01 0.01
0 1.156620 0.441193 0.01 0.01
0 1.155066 0.439121 0.01 0.01
0 1.150144 0.444302 0.01 0.01
0 1.151180 0.452851 0.01 0.01
0 1.091076 0.498447 0.01 0.01
0 1.054289 0.487566 0.01 0.01
0 1.161613 0.534198 0.01 0.01
0 1.159022 0.500779 0.01 0.01
0 1.178193 0.524095 0.01 0.01
0 1.164203 0.522540 0.01 0.01
0 1.179229 0.509846 0.01 0.01
0 1.184152 0.502592 0.01 0.01
0 1.199696 0.501038 0.01 0.01
0 1.194514 0.518654 0.01 0.01
0 1.197105 0.531867 0.01 0.01
0 1.206431 0.526167 0.01 0.01
0 1.208504 0.516582 0.01 0.01
0 1.226121 0.529535 0.01 0.01
0 1.223530 0.509069 0.01 0.01
0 1.221198 0.501297 0.01 0.01
0 1.157468 0.554924 0.01 0.01
0 1.194773 0.547152 0.01 0.01
0 1.181302 0.542488 0.01 0.01
0 1.209281 0.557255 0.01 0.01
0 1.231561 0.553628 0.01 0.01
0 1.238297 0.533680 0.01 0.01
0 1.236224 0.518395 0.01 0.01
0 1.234670 0.503369 0.01 0.01
0 1.237519 0.509587 0.01 0.01
0 1.233893 0.489639 0.01 0.01
0 1.246328 0.491711 0.01 0.01
0 1.248659 0.539121 0.01 0.01
0 1.247863 0.517618 0.01 0.01
0 1.266256 0.502592 0.01 0.01
0 1.257448 0.487566 0.01 0.01
0 1.246308 0.478240 0.01 0.01
0 1.258225 0.475131 0.01 0.01
0 1.213148 0.487048 0.01 0.01
0 1.279728 0.538084 0.01 0.01
0 1.264961 0.551297 0.01 0.01
0 1.256412 0.545079 0.01 0.01
0 1.263148 0.524872 0.01 0.01
0 1.274547 0.502851 0.01 0.01
0 1.280764 0.510882 0.01 0.01
0 1.284391 0.522281 0.01 0.01
0 1.290091 0.506478 0.01 0.01
0 1.303562 0.510364 0.01 0.01
0 1.312111 0.521504 0.01 0.01
0 1.295531 0.528758 0.01 0.01
0 1.297344 0.539898 0.01 0.01
0 1.286464 0.560364 0.01 0.01
0 1.278951 0.554924 0.01 0.01
0 1.311075 0.595856 0.01 0.01
0 1.306930 0.551038 0.01 0.01
0 1.336205 0.551038 0.01 0.01
0 1.324547 0.522799 0.01 0.01
0 1.332059 0.519431 0.01 0.01
0 1.332837 0.511141 0.01 0.01
0 1.339313 0.518395 0.01 0.01
0 1.337241 0.526944 0.01 0.01
0 1.348381 0.525649 0.01 0.01
0 1.310557 0.497152 0.01 0.01
0 1.291904 0.493525 0.01 0.01
0 1.299417 0.479535 0.01 0.01
0 1.282059 0.481608 0.01 0.01
0 1.271179 0.477981 0.01 0.01
0 1.288277 0.470727 0.01 0.01
0 1.296567 0.472022 0.01 0.01
0 1.289313 0.452592 0.01 0.01
0 1.304857 0.454146 0.01 0.01
0 1.313666 0.473576 0.01 0.01
0 1.317293 0.477722 0.01 0.01
0 1.329728 0.486789 0.01 0.01
0 1.326360 0.476685 0.01 0.01
0 1.326619 0.466582 0.01 0.01
0 1.320142 0.461400 0.01 0.01
0 1.310039 0.468395 0.01 0.01
0 1.346567 0.502592 0.01 0.01
0 1.353044 0.509846 0.01 0.01
0 1.372733 0.523058 0.01 0.01
0 1.360039 0.498706 0.01 0.01
0 1.345531 0.476167 0.01 0.01
0 1.375065 0.479017 0.01 0.01
0 1.369106 0.471504 0.01 0.01
0 1.360298 0.465027 0.01 0.01
0 1.348640 0.463732 0.01 0.01
0 1.336723 0.458032 0.01 0.01
0 1.344754 0.453887 0.01 0.01
0 1.362629 0.458032 0.01 0.01
0 1.371956 0.556996 0.01 0.01
0 1.342422 0.575131 0.01 0.01
0 1.338536 0.591711 0.01 0.01
0 1.326101 0.589121 0.01 0.01
0 1.353908 0.584457 0.01 0.01
0 1.330073 0.625131 0.01 0.01
0 1.352094 0.635494 0.01 0.01
0 1.362716 0.616323 0.01 0.01
0 1.358830 0.604665 0.01 0.01
0 1.340436 0.612696 0.01 0.01
0 1.379555 0.604146 0.01 0.01
0 1.382923 0.618654 0.01 0.01
0 1.377224 0.578499 0.01 0.01
0 1.388363 0.568136 0.01 0.01
0 1.396913 0.596115 0.01 0.01
0 1.400281 0.616323 0.01 0.01
0 1.420229 0.618654 0.01 0.01
0 1.417379 0.586271 0.01 0.01
0 1.412198 0.565027 0.01 0.01
0 1.397690 0.579276 0.01 0.01
0 1.391472 0.552333 0.01 0.01
0 1.388104 0.528758 0.01 0.01
0 1.402871 0.533421 0.01 0.01
0 1.413493 0.550519 0.01 0.01
0 1.434218 0.555442 0.01 0.01
0 1.434477 0.593525 0.01 0.01
0 1.439659 0.619690 0.01 0.01
0 1.419970 0.604665 0.01 0.01
0 1.445099 0.602592 0.01 0.01
0 1.461161 0.593525 0.01 0.01
0 1.458053 0.576167 0.01 0.01
0 1.474374 0.577462 0.01 0.01
0 1.483700 0.562178 0.01 0.01
0 1.483700 0.619690 0.01 0.01
0 1.463752 0.619690 0.01 0.01
0 1.449762 0.563473 0.01 0.01
0 1.463752 0.558551 0.01 0.01
0 1.459348 0.540157 0.01 0.01
0 1.427224 0.551038 0.01 0.01
0 1.487586 0.546374 0.01 0.01
0 1.477742 0.538602 0.01 0.01
0 1.476705 0.523836 0.01 0.01
0 1.392734 0.464509 0.01 0.01
0 1.409055 0.506737 0.01 0.01
0 1.419418 0.518395 0.01 0.01
0 1.404392 0.519431 0.01 0.01
0 1.428226 0.508810 0.01 0.01
0 1.417864 0.507514 0.01 0.01
0 1.428745 0.490416 0.01 0.01
0 1.436776 0.488602 0.01 0.01
0 1.451802 0.497411 0.01 0.01
0 1.446879 0.491970 0.01 0.01
0 1.462682 0.495597 0.01 0.01
0 1.443252 0.514509 0.01 0.01
0 1.419677 0.530312 0.01 0.01
0 1.466050 0.517618 0.01 0.01
0 1.500506 0.539898 0.01 0.01
0 1.507501 0.523836 0.01 0.01
0 1.491439 0.524354 0.01 0.01
0 1.483926 0.492229 0.01 0.01
0 1.480817 0.516582 0.01 0.01
0 1.513719 0.571504 0.01 0.01
0 1.511387 0.557773 0.01 0.01
0 1.542216 0.577203 0.01 0.01
0 1.537812 0.561659 0.01 0.01
0 1.520454 0.539639 0.01 0.01
0 1.530040 0.545338 0.01 0.01
0 1.512423 0.507773 0.01 0.01
0 1.497397 0.491193 0.01 0.01
0 1.538589 0.515027 0.01 0.01
0 1.531076 0.491193 0.01 0.01
0 1.511128 0.481867 0.01 0.01
0 1.499211 0.483162 0.01 0.01
0 1.553615 0.525390 0.01 0.01
0 1.525895 0.515286 0.01 0.01
0 1.546102 0.483680 0.01 0.01
0 1.546102 0.506478 0.01 0.01
0 1.516309 0.476685 0.01 0.01
0 1.532890 0.479017 0.01 0.01
0 1.544807 0.461918 0.01 0.01
0 1.549988 0.472281 0.01 0.01
0 1.526931 0.453887 0.01 0.01
0 1.514755 0.454665 0.01 0.01
0 1.504651 0.453110 0.01 0.01
0 1.364664 0.448447 0.01 0.01
0 1.347306 0.445856 0.01 0.01
0 1.352488 0.438084 0.01 0.01
0 1.350674 0.426685 0.01 0.01
0 1.357669 0.427981 0.01 0.01
0 1.365700 0.434198 0.01 0.01
0 1.375286 0.430312 0.01 0.01
0 1.360260 0.421504 0.01 0.01
0 1.388498 0.425390 0.01 0.01
0 1.381244 0.437825 0.01 0.01
0 1.379172 0.454146 0.01 0.01
0 1.403265 0.438343 0.01 0.01
0 1.411296 0.405442 0.01 0.01
0 1.416996 0.431348 0.01 0.01
0 1.447825 0.443784 0.01 0.01
0 1.439794 0.419690 0.01 0.01
0 1.421659 0.422022 0.01 0.01
0 1.425804 0.441193 0.01 0.01
0 1.436426 0.443007 0.01 0.01
0 1.456374 0.442229 0.01 0.01
0 1.465959 0.454665 0.01 0.01
0 1.453006 0.413991 0.01 0.01
0 1.470882 0.423576 0.01 0.01
0 1.321659 0.413991 0.01 0.01
0 1.306374 0.418136 0.01 0.01
0 1.292643 0.420986 0.01 0.01
0 1.289016 0.437566 0.01 0.01
0 1.311814 0.430830 0.01 0.01
0 1.297825 0.440416 0.01 0.01
0 1.286167 0.444302 0.01 0.01
0 1.307410 0.439121 0.01 0.01
0 1.322695 0.433939 0.01 0.01
0 1.322177 0.446633 0.01 0.01
0 1.335908 0.445079 0.01 0.01
0 1.336944 0.431348 0.01 0.01
0 1.347566 0.413214 0.01 0.01
0 1.335908 0.415286 0.01 0.01
0 1.401754 0.452851 0.01 0.01
0 1.469820 0.402333 0.01 0.01
0 1.486400 0.403369 0.01 0.01
0 1.487178 0.418654 0.01 0.01
0 1.479924 0.430571 0.01 0.01
0 1.484328 0.425908 0.01 0.01
0 1.497022 0.417359 0.01 0.01
0 1.502981 0.420209 0.01 0.01
0 1.511012 0.426167 0.01 0.01
0 1.480960 0.451556 0.01 0.01
0 1.493913 0.451556 0.01 0.01
0 1.511012 0.399742 0.01 0.01
0 1.527851 0.398447 0.01 0.01
0 1.519820 0.419431 0.01 0.01
0 1.528369 0.429017 0.01 0.01
0 1.538214 0.435753 0.01 0.01
0 1.547022 0.412437 0.01 0.01
0 1.546504 0.428758 0.01 0.01
0 1.542359 0.450001 0.01 0.01
0 1.559716 0.446115 0.01 0.01
0 1.565157 0.439380 0.01 0.01
0 1.569302 0.451556 0.01 0.01
0 1.560753 0.468136 0.01 0.01
0 1.573188 0.470468 0.01 0.01
0 1.572152 0.423576 0.01 0.01
0 1.568525 0.395338 0.01 0.01
0 1.558939 0.390416 0.01 0.01
0 1.563602 0.407773 0.01 0.01
0 1.584328 0.399224 0.01 0.01
0 1.588991 0.435494 0.01 0.01
0 1.581219 0.451815 0.01 0.01
0 1.594950 0.472281 0.01 0.01
0 1.597799 0.452592 0.01 0.01
0 1.592359 0.420468 0.01 0.01
0 1.588214 0.409069 0.01 0.01
0 1.597540 0.399483 0.01 0.01
0 1.560235 0.504146 0.01 0.01
0 1.558680 0.536271 0.01 0.01
0 1.535364 0.548965 0.01 0.01
0 1.563861 0.553110 0.01 0.01
0 1.579665 0.571763 0.01 0.01
0 1.584069 0.539380 0.01 0.01
0 1.579405 0.526685 0.01 0.01
0 1.585623 0.512696 0.01 0.01
0 1.590286 0.499742 0.01 0.01
0 1.582773 0.495338 0.01 0.01
0 1.595986 0.520986 0.01 0.01
0 1.552462 0.590416 0.01 0.01
0 1.518007 0.589639 0.01 0.01
0 1.497022 0.574354 0.01 0.01
0 1.493913 0.603369 0.01 0.01
0 1.522670 0.601556 0.01 0.01
0 1.542359 0.608810 0.01 0.01
0 1.552203 0.601038 0.01 0.01
0 1.572670 0.606996 0.01 0.01
0 1.552462 0.655701 0.01 0.01
0 1.538732 0.644302 0.01 0.01
0 1.513861 0.645856 0.01 0.01
0 1.568525 0.646374 0.01 0.01
0 1.591841 0.626685 0.01 0.01
0 1.573965 0.660882 0.01 0.01
0 1.495209 0.663732 0.01 0.01
0 1.480183 0.674872 0.01 0.01
0 1.450908 0.674613 0.01 0.01
0 1.434846 0.679276 0.01 0.01
0 1.456608 0.687825 0.01 0.01
0 1.523188 0.662437 0.01 0.01
0 1.504276 0.657773 0.01 0.01
0 1.530442 0.674872 0.01 0.01
0 1.513343 0.688084 0.01 0.01
0 1.551944 0.686530 0.01 0.01
0 1.412566 0.719431 0.01 0.01
0 1.444431 0.731089 0.01 0.01
0 1.460753 0.755442 0.01 0.01
0 1.445727 0.765027 0.01 0.01
0 1.419043 0.798965 0.01 0.01
0 1.421115 0.760105 0.01 0.01
0 1.404794 0.738602 0.01 0.01
0 1.401426 0.760364 0.01 0.01
0 1.476815 0.750519 0.01 0.01
0 1.590545 0.712178 0.01 0.01
0 1.587955 0.691970 0.01 0.01
0 1.572152 0.702851 0.01 0.01
0 1.548836 0.744302 0.01 0.01
0 1.554794 0.763732 0.01 0.01
0 1.522929 0.797670 0.01 0.01
0 1.592618 0.781867 0.01 0.01
0 1.580701 0.782385 0.01 0.01
0 1.497540 0.724095 0.01 0.01
0 1.493913 0.733421 0.01 0.01
0 1.520079 0.756996 0.01 0.01
0 1.263582 0.652592 0.01 0.01
0 1.281199 0.658292 0.01 0.01
0 1.283271 0.634457 0.01 0.01
0 1.309178 0.632903 0.01 0.01
0 1.306587 0.615804 0.01 0.01
0 1.282753 0.622540 0.01 0.01
0 1.271354 0.613214 0.01 0.01
0 1.287935 0.604405 0.01 0.01
0 1.293634 0.668136 0.01 0.01
0 1.308660 0.667100 0.01 0.01
0 1.293116 0.712696 0.01 0.01
0 1.270836 0.703887 0.01 0.01
0 1.334049 0.682644 0.01 0.01
0 1.254774 0.684716 0.01 0.01
0 1.247002 0.697670 0.01 0.01
0 1.266173 0.743266 0.01 0.01
0 1.303997 0.758292 0.01 0.01
0 1.317986 0.757773 0.01 0.01
0 1.317468 0.732903 0.01 0.01
0 1.307106 0.732385 0.01 0.01
0 1.294670 0.730312 0.01 0.01
0 1.282235 0.743784 0.01 0.01
0 1.230422 0.712696 0.01 0.01
0 1.381199 0.732903 0.01 0.01
0 1.356328 0.739121 0.01 0.01
0 1.170986 0.427203 0.01 0.01
0 1.170468 0.446374 0.01 0.01
0 1.175131 0.451038 0.01 0.01
0 1.169950 0.467618 0.01 0.01
0 1.161659 0.482644 0.01 0.01
0 1.168913 0.483680 0.01 0.01
0 1.182385 0.466582 0.01 0.01
0 1.185494 0.455701 0.01 0.01
0 1.189639 0.443784 0.01 0.01
0 1.182903 0.440157 0.01 0.01
0 1.196893 0.444820 0.01 0.01
0 1.201038 0.458810 0.01 0.01
0 1.212437 0.452592 0.01 0.01
0 1.209328 0.441711 0.01 0.01
0 1.225390 0.450519 0.01 0.01
0 1.232126 0.444302 0.01 0.01
0 1.213991 0.430312 0.01 0.01
0 1.237307 0.420986 0.01 0.01
0 1.241970 0.441193 0.01 0.01
0 1.234716 0.459328 0.01 0.01
0 1.250260 0.459328 0.01 0.01
0 1.245597 0.444820 0.01 0.01
0 1.255442 0.435494 0.01 0.01
0 1.259587 0.443266 0.01 0.01
0 1.263732 0.453628 0.01 0.01
0 1.269950 0.465027 0.01 0.01
0 1.277203 0.444302 0.01 0.01
0 1.272022 0.423576 0.01 0.01
0 1.262696 0.420986 0.01 0.01
0 1.283421 0.422022 0.01 0.01
0 1.262696 0.436530 0.01 0.01
0 1.220209 0.442747 0.01 0.01
0 0.413473 0.303887 0.01 0.01
0 0.424872 0.308551 0.01 0.01
0 0.433162 0.312178 0.01 0.01
0 0.441452 0.306478 0.01 0.01
0 0.496374 0.342229 0.01 0.01
0 0.485494 0.326167 0.01 0.01
0 0.479276 0.330312 0.01 0.01
0 0.494302 0.352592 0.01 0.01
0 0.487048 0.348447 0.01 0.01
0 0.492747 0.360882 0.01 0.01
0 0.480830 0.359328 0.01 0.01
0 0.484457 0.371245 0.01 0.01
0 0.500519 0.374872 0.01 0.01
0 0.505701 0.363991 0.01 0.01
0 0.504146 0.356219 0.01 0.01
0 0.509328 0.340157 0.01 0.01
0 0.513473 0.338084 0.01 0.01
0 0.517100 0.345338 0.01 0.01
0 0.516064 0.359328 0.01 0.01
0 0.511400 0.361400 0.01 0.01
0 0.516064 0.369172 0.01 0.01
0 0.521245 0.366582 0.01 0.01
0 0.522799 0.358292 0.01 0.01
0 0.527462 0.374872 0.01 0.01
0 0.528499 0.344820 0.01 0.01
0 0.534198 0.330830 0.01 0.01
0 0.526944 0.329276 0.01 0.01
0 0.524872 0.323576 0.01 0.01
0 0.519690 0.329276 0.01 0.01
0 0.514509 0.322022 0.01 0.01
0 0.512437 0.318395 0.01 0.01
0 0.508810 0.313732 0.01 0.01
0 0.530053 0.317877 0.01 0.01
0 0.549224 0.322022 0.01 0.01
0 0.581867 0.320986 0.01 0.01
0 0.566323 0.318395 0.01 0.01
0 0.577722 0.350519 0.01 0.01
0 0.588602 0.344302 0.01 0.01
0 0.587566 0.332903 0.01 0.01
0 0.558551 0.369690 0.01 0.01
0 0.572540 0.371245 0.01 0.01
0 0.581867 0.373836 0.01 0.01
0 0.589639 0.368654 0.01 0.01
0 0.591711 0.362437 0.01 0.01
0 0.593266 0.355701 0.01 0.01
0 0.600519 0.351556 0.01 0.01
0 0.609328 0.351038 0.01 0.01
0 0.605183 0.357773 0.01 0.01
0 0.604146 0.368136 0.01 0.01
0 0.598965 0.368654 0.01 0.01
0 0.603628 0.375390 0.01 0.01
0 0.591193 0.380571 0.01 0.01
0 0.612955 0.377981 0.01 0.01
0 0.615027 0.371245 0.01 0.01
0 0.615027 0.359846 0.01 0.01
0 0.618654 0.348447 0.01 0.01
0 0.613991 0.326167 0.01 0.01
0 0.624354 0.323576 0.01 0.01
0 0.627462 0.344820 0.01 0.01
0 0.622799 0.382126 0.01 0.01
0 0.298965 0.332903 0.01 0.01
0 0.652922 0.351038 0.01 0.01
0 0.641005 0.352074 0.01 0.01
0 0.637897 0.344820 0.01 0.01
0 0.634788 0.362955 0.01 0.01
0 0.623389 0.360882 0.01 0.01
0 0.633751 0.370727 0.01 0.01
0 0.644114 0.372799 0.01 0.01
0 0.635306 0.384716 0.01 0.01
0 0.643596 0.386789 0.01 0.01
0 0.654477 0.376426 0.01 0.01
0 0.659658 0.366582 0.01 0.01
0 0.653441 0.362437 0.01 0.01
0 0.641524 0.361918 0.01 0.01
0 0.661731 0.360364 0.01 0.01
0 0.665358 0.354146 0.01 0.01
0 0.664840 0.336530 0.01 0.01
0 0.677275 0.331867 0.01 0.01
0 0.678311 0.350519 0.01 0.01
0 0.672612 0.362955 0.01 0.01
0 0.662767 0.373317 0.01 0.01
0 0.666912 0.389898 0.01 0.01
0 0.653959 0.388861 0.01 0.01
0 0.675202 0.384716 0.01 0.01
0 0.673648 0.377981 0.01 0.01
0 0.682974 0.378499 0.01 0.01
0 0.686083 0.384198 0.01 0.01
0 0.695410 0.386789 0.01 0.01
0 0.692819 0.376426 0.01 0.01
0 0.684529 0.355183 0.01 0.01
0 0.689710 0.356219 0.01 0.01
0 0.695928 0.334975 0.01 0.01
0 0.704218 0.337566 0.01 0.01
0 0.699555 0.341711 0.01 0.01
0 0.700591 0.356737 0.01 0.01
0 0.698518 0.349483 0.01 0.01
0 0.689710 0.347411 0.01 0.01
0 0.707327 0.344302 0.01 0.01
0 0.720280 0.344820 0.01 0.01
0 0.716653 0.353628 0.01 0.01
0 0.709917 0.355183 0.01 0.01
0 0.722871 0.355183 0.01 0.01
0 0.734270 0.350519 0.01 0.01
0 0.728570 0.346893 0.01 0.01
0 0.728570 0.335494 0.01 0.01
0 0.721316 0.336530 0.01 0.01
0 0.714581 0.335494 0.01 0.01
0 0.715617 0.368654 0.01 0.01
0 0.706290 0.376944 0.01 0.01
0 0.706290 0.390934 0.01 0.01
0 0.702145 0.395079 0.01 0.01
0 0.713544 0.387307 0.01 0.01
0 0.722353 0.390416 0.01 0.01
0 0.724425 0.387825 0.01 0.01
0 0.723389 0.372281 0.01 0.01
0 0.716653 0.376426 0.01 0.01
0 0.727016 0.376944 0.01 0.01
0 0.737378 0.382644 0.01 0.01
0 0.732715 0.368136 0.01 0.01
0 0.736860 0.374872 0.01 0.01
0 0.750850 0.383162 0.01 0.01
0 0.762767 0.395079 0.01 0.01
0 0.771575 0.371245 0.01 0.01
0 0.757068 0.369690 0.01 0.01
0 0.751368 0.362437 0.01 0.01
0 0.751886 0.353628 0.01 0.01
0 0.738415 0.357255 0.01 0.01
0 0.752922 0.348965 0.01 0.01
0 0.763285 0.352074 0.01 0.01
0 0.774166 0.351038 0.01 0.01
0 0.786083 0.346893 0.01 0.01
0 0.785565 0.369690 0.01 0.01
0 0.796964 0.387825 0.01 0.01
0 0.796446 0.373317 0.01 0.01
0 0.795928 0.367100 0.01 0.01
0 0.806290 0.373836 0.01 0.01
0 0.811990 0.371245 0.01 0.01
0 0.812508 0.383162 0.01 0.01
0 0.811990 0.390934 0.01 0.01
0 0.826498 0.384198 0.01 0.01
0 0.825979 0.393525 0.01 0.01
0 0.833233 0.396633 0.01 0.01
0 0.836342 0.379017 0.01 0.01
0 0.826498 0.369172 0.01 0.01
0 0.834270 0.355183 0.01 0.01
0 0.827016 0.362437 0.01 0.01
0 0.844632 0.398188 0.01 0.01
0 0.845669 0.376944 0.01 0.01
0 0.852922 0.395079 0.01 0.01
0 0.841974 0.369950 0.01 0.01
0 0.851560 0.365804 0.01 0.01
0 0.847933 0.350519 0.01 0.01
0 0.852078 0.355183 0.01 0.01
0 0.855705 0.352074 0.01 0.01
0 0.857777 0.341193 0.01 0.01
0 0.849228 0.338602 0.01 0.01
0 0.859850 0.350260 0.01 0.01
0 0.862182 0.354924 0.01 0.01
0 0.866327 0.363991 0.01 0.01
0 0.858814 0.370986 0.01 0.01
0 0.855446 0.369950 0.01 0.01
0 0.865808 0.396115 0.01 0.01
0 0.872803 0.397411 0.01 0.01
0 0.879539 0.377203 0.01 0.01
0 0.869694 0.368654 0.01 0.01
0 0.877467 0.365545 0.01 0.01
0 0.879280 0.355701 0.01 0.01
0 0.872803 0.354146 0.01 0.01
0 0.874617 0.343007 0.01 0.01
0 0.866845 0.339639 0.01 0.01
0 0.878762 0.337048 0.01 0.01
0 0.892492 0.331348 0.01 0.01
0 0.885757 0.355183 0.01 0.01
0 0.887829 0.363473 0.01 0.01
0 0.880834 0.367877 0.01 0.01
0 0.870213 0.380053 0.01 0.01
0 0.882130 0.393007 0.01 0.01
0 0.894047 0.397411 0.01 0.01
0 0.885498 0.380571 0.01 0.01
0 0.891197 0.379794 0.01 0.01
0 0.886793 0.369950 0.01 0.01
0 0.894565 0.370468 0.01 0.01
0 0.897415 0.372540 0.01 0.01
0 0.901819 0.376426 0.01 0.01
0 0.894565 0.357514 0.01 0.01
0 0.901301 0.339121 0.01 0.01
0 0.904150 0.353369 0.01 0.01
0 0.917881 0.345856 0.01 0.01
0 0.908036 0.348706 0.01 0.01
0 0.918140 0.358032 0.01 0.01
0 0.905187 0.361659 0.01 0.01
0 0.912700 0.386271 0.01 0.01
0 0.904928 0.392488 0.01 0.01
0 0.924099 0.389639 0.01 0.01
0 0.920731 0.369950 0.01 0.01
0 0.920213 0.353369 0.01 0.01
0 0.927985 0.365804 0.01 0.01
0 0.937311 0.356996 0.01 0.01
0 0.929021 0.342488 0.01 0.01
0 0.928503 0.351038 0.01 0.01
0 0.929280 0.329276 0.01 0.01
0 0.936016 0.325908 0.01 0.01
0 0.946638 0.351556 0.01 0.01
0 0.941456 0.377203 0.01 0.01
0 0.942492 0.390157 0.01 0.01
0 0.935757 0.392488 0.01 0.01
0 0.935757 0.372540 0.01 0.01
0 0.952596 0.379017 0.01 0.01
0 0.945860 0.367100 0.01 0.01
0 0.954150 0.366323 0.01 0.01
0 0.960627 0.375131 0.01 0.01
0 0.838606 0.352592 0.01 0.01
0 0.936910 0.344561 0.01 0.01
0 0.964631 0.351815 0.01 0.01
0 0.965149 0.336012 0.01 0.01
0 0.961004 0.341452 0.01 0.01
0 0.970071 0.342488 0.01 0.01
0 0.970848 0.337048 0.01 0.01
0 0.978102 0.338861 0.01 0.01
0 0.974734 0.349742 0.01 0.01
0 0.983283 0.346374 0.01 0.01
0 0.990796 0.342488 0.01 0.01
0 0.984579 0.331867 0.01 0.01
0 0.990537 0.331867 0.01 0.01
0 0.996496 0.328240 0.01 0.01
0 1.003750 0.343007 0.01 0.01
0 0.993905 0.345079 0.01 0.01
0 0.988983 0.349742 0.01 0.01
0 0.988465 0.364768 0.01 0.01
0 0.976548 0.358032 0.01 0.01
0 0.988724 0.356996 0.01 0.01
0 0.998827 0.356737 0.01 0.01
0 0.974475 0.374095 0.01 0.01
0 0.960745 0.370209 0.01 0.01
0 0.981211 0.380312 0.01 0.01
0 0.999087 0.376685 0.01 0.01
0 0.992610 0.380053 0.01 0.01
0 0.968517 0.383939 0.01 0.01
0 0.952454 0.386271 0.01 0.01
0 1.008672 0.386789 0.01 0.01
0 1.010226 0.373576 0.01 0.01
0 1.015408 0.377722 0.01 0.01
0 1.018776 0.373576 0.01 0.01
0 1.018776 0.361659 0.01 0.01
0 1.009449 0.357255 0.01 0.01
0 1.014112 0.341970 0.01 0.01
0 1.026030 0.340157 0.01 0.01
0 1.035874 0.343266 0.01 0.01
0 1.027584 0.360105 0.01 0.01
0 1.034838 0.361400 0.01 0.01
0 1.041574 0.359328 0.01 0.01
0 1.042351 0.373058 0.01 0.01
0 1.051159 0.360882 0.01 0.01
0 1.028361 0.381867 0.01 0.01
0 1.024475 0.374872 0.01 0.01
0 1.028879 0.387825 0.01 0.01
0 1.038206 0.380053 0.01 0.01
0 1.047273 0.386012 0.01 0.01
0 1.063076 0.355442 0.01 0.01
0 1.036910 0.328240 0.01 0.01
0 1.021107 0.325649 0.01 0.01
0 1.011263 0.320727 0.01 0.01
0 1.015926 0.323836 0.01 0.01
0 1.031729 0.327722 0.01 0.01
0 1.047532 0.332644 0.01 0.01
0 1.049605 0.324613 0.01 0.01
0 1.044682 0.322799 0.01 0.01
0 1.054009 0.330830 0.01 0.01
0 1.060486 0.337048 0.01 0.01
0 1.057895 0.341452 0.01 0.01
0 1.070589 0.345338 0.01 0.01
0 1.071366 0.367618 0.01 0.01
0 1.076617 0.315027 0.01 0.01
0 1.076099 0.324354 0.01 0.01
0 1.081798 0.340416 0.01 0.01
0 1.075840 0.343784 0.01 0.01
0 1.085166 0.315804 0.01 0.01
0 1.104855 0.319950 0.01 0.01
0 1.092161 0.369431 0.01 0.01
0 1.097083 0.359069 0.01 0.01
0 1.106669 0.366323 0.01 0.01
0 1.103819 0.367618 0.01 0.01
0 1.112368 0.377981 0.01 0.01
0 1.115736 0.376167 0.01 0.01
0 1.119622 0.360105 0.01 0.01
0 1.120658 0.348188 0.01 0.01
0 1.100710 0.358032 0.01 0.01
0 1.126617 0.333939 0.01 0.01
0 1.129985 0.348447 0.01 0.01
0 1.129207 0.371245 0.01 0.01
0 1.146565 0.372022 0.01 0.01
0 1.139570 0.365286 0.01 0.01
0 1.137757 0.356478 0.01 0.01
0 1.141643 0.346893 0.01 0.01
0 1.141125 0.332903 0.01 0.01
0 1.135166 0.316064 0.01 0.01
0 1.147601 0.310882 0.01 0.01
0 1.156150 0.310364 0.01 0.01
0 1.153560 0.325390 0.01 0.01
0 1.146565 0.332126 0.01 0.01
0 1.148378 0.341970 0.01 0.01
0 1.150192 0.357255 0.01 0.01
0 1.159777 0.369950 0.01 0.01
0 1.165218 0.348447 0.01 0.01
0 1.163922 0.332903 0.01 0.01
0 1.168383 0.303369 0.01 0.01
0 1.171492 0.339121 0.01 0.01
0 1.186777 0.348706 0.01 0.01
0 1.173564 0.368654 0.01 0.01
0 1.193513 0.366841 0.01 0.01
0 1.199471 0.367359 0.01 0.01
0 1.195067 0.345597 0.01 0.01
0 1.201285 0.350001 0.01 0.01
0 1.206207 0.343784 0.01 0.01
0 1.207502 0.355183 0.01 0.01
0 1.220715 0.344302 0.01 0.01
0 1.217865 0.361400 0.01 0.01
0 1.208279 0.366064 0.01 0.01
0 1.192994 0.318136 0.01 0.01
0 1.189108 0.306478 0.01 0.01
0 1.179264 0.325390 0.01 0.01
0 1.171492 0.330053 0.01 0.01
0 1.181595 0.338861 0.01 0.01
0 1.195844 0.338861 0.01 0.01
0 1.204652 0.330571 0.01 0.01
0 1.210352 0.303110 0.01 0.01
0 1.198176 0.305442 0.01 0.01
0 1.213461 0.295338 0.01 0.01
0 1.202839 0.295856 0.01 0.01
0 1.221751 0.307773 0.01 0.01
0 1.218642 0.331867 0.01 0.01
0 1.225896 0.331867 0.01 0.01
0 1.225119 0.320209 0.01 0.01
0 1.234186 0.322281 0.01 0.01
0 1.232891 0.304924 0.01 0.01
0 1.230818 0.295338 0.01 0.01
0 1.242994 0.293525 0.01 0.01
0 1.250766 0.313732 0.01 0.01
0 1.246103 0.306737 0.01 0.01
0 1.254912 0.295079 0.01 0.01
0 1.253357 0.288602 0.01 0.01
0 1.247658 0.288084 0.01 0.01
0 1.274083 0.309328 0.01 0.01
0 1.275378 0.298188 0.01 0.01
0 1.258279 0.309846 0.01 0.01
0 1.245326 0.327203 0.01 0.01
0 1.230041 0.335753 0.01 0.01
0 1.244290 0.354665 0.01 0.01
0 1.231595 0.351556 0.01 0.01
0 1.248953 0.334975 0.01 0.01
0 1.261906 0.334975 0.01 0.01
0 1.267088 0.358810 0.01 0.01
0 1.255171 0.356219 0.01 0.01
0 1.271233 0.347152 0.01 0.01
0 1.282891 0.348188 0.01 0.01
0 1.287036 0.315804 0.01 0.01
0 1.283150 0.301038 0.01 0.01
0 1.301544 0.300260 0.01 0.01
0 1.319937 0.308292 0.01 0.01
0 1.314756 0.332644 0.01 0.01
0 1.305948 0.342488 0.01 0.01
0 1.337295 0.332903 0.01 0.01
0 1.314399 0.296633 0.01 0.01
0 1.348596 0.322799 0.01 0.01
0 1.363104 0.320727 0.01 0.01
0 1.371394 0.327203 0.01 0.01
0 1.374762 0.345597 0.01 0.01
0 1.395746 0.324872 0.01 0.01
0 1.390047 0.318136 0.01 0.01
0 1.381498 0.313473 0.01 0.01
0 1.369581 0.312178 0.01 0.01
0 1.376316 0.308032 0.01 0.01
0 1.377353 0.286271 0.01 0.01
0 1.359218 0.286271 0.01 0.01
0 1.341860 0.284716 0.01 0.01
0 1.336938 0.286530 0.01 0.01
0 1.329166 0.287825 0.01 0.01
0 1.387974 0.288343 0.01 0.01
0 1.374762 0.302333 0.01 0.01
0 1.402482 0.292229 0.01 0.01
0 1.395487 0.284975 0.01 0.01
0 1.409218 0.304924 0.01 0.01
0 1.422171 0.280053 0.01 0.01
0 1.411808 0.283680 0.01 0.01
0 1.403518 0.279017 0.01 0.01
0 1.426575 0.291193 0.01 0.01
0 1.426575 0.299742 0.01 0.01
0 1.425798 0.311141 0.01 0.01
0 1.406886 0.319950 0.01 0.01
0 1.424503 0.337307 0.01 0.01
0 1.454814 0.333162 0.01 0.01
0 1.443674 0.298447 0.01 0.01
0 1.438492 0.281608 0.01 0.01
0 1.432275 0.282385 0.01 0.01
0 1.436420 0.269172 0.01 0.01
0 1.452223 0.288084 0.01 0.01
0 1.447560 0.281608 0.01 0.01
0 1.475781 0.310623 0.01 0.01
0 1.451947 0.311918 0.01 0.01
0 1.463605 0.288343 0.01 0.01
0 1.471118 0.263214 0.01 0.01
0 1.477076 0.287566 0.01 0.01
0 1.466454 0.279017 0.01 0.01
0 1.491066 0.295338 0.01 0.01
0 1.511791 0.323317 0.01 0.01
0 1.492620 0.327203 0.01 0.01
0 1.502206 0.295338 0.01 0.01
0 1.500651 0.275649 0.01 0.01
0 1.487439 0.265804 0.01 0.01
0 1.478372 0.277203 0.01 0.01
0 1.513605 0.270727 0.01 0.01
0 1.499097 0.260882 0.01 0.01
0 1.531221 0.267359 0.01 0.01
0 1.549097 0.261141 0.01 0.01
0 1.540030 0.265286 0.01 0.01
0 1.520081 0.301815 0.01 0.01
0 1.527594 0.315545 0.01 0.01
0 1.538993 0.316323 0.01 0.01
0 1.560496 0.294302 0.01 0.01
0 1.578631 0.307514 0.01 0.01
0 1.459978 0.269690 0.01 0.01
0 1.571118 0.290157 0.01 0.01
0 1.521115 0.248706 0.01 0.01
0 1.544172 0.247670 0.01 0.01
0 1.551167 0.245856 0.01 0.01
0 1.564898 0.251038 0.01 0.01
0 1.557903 0.262696 0.01 0.01
0 1.573188 0.255701 0.01 0.01
0 1.573188 0.240934 0.01 0.01
0 1.578887 0.245079 0.01 0.01
0 1.593395 0.243266 0.01 0.01
0 1.592359 0.290675 0.01 0.01
0 0.402722 0.248965 0.01 0.01
0 0.395468 0.242229 0.01 0.01
0 0.387696 0.245856 0.01 0.01
0 0.412566 0.256478 0.01 0.01
0 0.424742 0.257255 0.01 0.01
0 0.422152 0.247929 0.01 0.01
0 0.415157 0.247929 0.01 0.01
0 0.423447 0.238861 0.01 0.01
0 0.435105 0.242488 0.01 0.01
0 0.412048 0.204665 0.01 0.01
0 0.403240 0.206996 0.01 0.01
0 0.401944 0.188861 0.01 0.01
0 0.396245 0.196374 0.01 0.01
0 0.408162 0.195079 0.01 0.01
0 0.427592 0.198706 0.01 0.01
0 0.434587 0.203628 0.01 0.01
0 0.433810 0.197929 0.01 0.01
0 0.442100 0.198706 0.01 0.01
0 0.421633 0.213732 0.01 0.01
0 0.431737 0.225131 0.01 0.01
0 0.433032 0.216323 0.01 0.01
0 0.440545 0.217618 0.01 0.01
0 0.442359 0.224095 0.01 0.01
0 0.447022 0.225908 0.01 0.01
0 0.448836 0.212696 0.01 0.01
0 0.440545 0.210882 0.01 0.01
0 0.457385 0.204405 0.01 0.01
0 0.465157 0.210105 0.01 0.01
0 0.473706 0.203110 0.01 0.01
0 0.457903 0.221763 0.01 0.01
0 0.466711 0.221504 0.01 0.01
0 0.473447 0.222281 0.01 0.01
0 0.476815 0.228240 0.01 0.01
0 0.485882 0.224613 0.01 0.01
0 0.485623 0.238084 0.01 0.01
0 0.480442 0.214509 0.01 0.01
0 0.472929 0.210105 0.01 0.01
0 0.481478 0.205442 0.01 0.01
0 0.489250 0.207514 0.01 0.01
0 0.492359 0.215027 0.01 0.01
0 0.485105 0.214768 0.01 0.01
0 0.492877 0.232644 0.01 0.01
0 0.497540 0.220209 0.01 0.01
0 0.506348 0.229276 0.01 0.01
0 0.506348 0.220727 0.01 0.01
0 0.522411 0.242747 0.01 0.01
0 0.513861 0.239121 0.01 0.01
0 0.520079 0.231348 0.01 0.01
0 0.516452 0.213991 0.01 0.01
0 0.514121 0.222022 0.01 0.01
0 0.507126 0.205960 0.01 0.01
0 0.494950 0.207773 0.01 0.01
0 0.498836 0.213991 0.01 0.01
0 0.513084 0.210882 0.01 0.01
0 0.518784 0.210105 0.01 0.01
0 0.528369 0.215545 0.01 0.01
0 0.528369 0.211141 0.01 0.01
0 0.531737 0.227981 0.01 0.01
0 0.528110 0.223317 0.01 0.01
0 0.540027 0.223058 0.01 0.01
0 0.540804 0.218395 0.01 0.01
0 0.535364 0.212696 0.01 0.01
0 0.535105 0.209587 0.01 0.01
0 0.543654 0.210882 0.01 0.01
0 0.547799 0.214509 0.01 0.01
0 0.548317 0.221245 0.01 0.01
0 0.554794 0.222281 0.01 0.01
0 0.552981 0.218136 0.01 0.01
0 0.552203 0.213732 0.01 0.01
0 0.563084 0.223058 0.01 0.01
0 0.559198 0.214250 0.01 0.01
0 0.568266 0.222022 0.01 0.01
0 0.568266 0.214768 0.01 0.01
0 0.572411 0.225131 0.01 0.01
0 0.575519 0.223836 0.01 0.01
0 0.578887 0.225131 0.01 0.01
0 0.582773 0.226685 0.01 0.01
0 0.577074 0.214509 0.01 0.01
0 0.535105 0.240416 0.01 0.01
0 0.436659 0.250001 0.01 0.01
0 0.430960 0.248447 0.01 0.01
0 0.443136 0.252592 0.01 0.01
0 0.449354 0.262696 0.01 0.01
0 0.447799 0.244561 0.01 0.01
0 0.442618 0.243266 0.01 0.01
0 0.458162 0.245338 0.01 0.01
0 0.458939 0.252333 0.01 0.01
0 0.460235 0.265804 0.01 0.01
0 0.459198 0.260105 0.01 0.01
0 0.468007 0.261918 0.01 0.01
0 0.467488 0.269431 0.01 0.01
0 0.476038 0.255701 0.01 0.01
0 0.467747 0.248188 0.01 0.01
0 0.465675 0.254146 0.01 0.01
0 0.469561 0.242229 0.01 0.01
0 0.476038 0.250260 0.01 0.01
0 0.476038 0.269950 0.01 0.01
0 0.485882 0.271245 0.01 0.01
0 0.486659 0.247929 0.01 0.01
0 0.485882 0.256478 0.01 0.01
0 0.493654 0.258810 0.01 0.01
0 0.495468 0.246115 0.01 0.01
0 0.502981 0.247411 0.01 0.01
0 0.497022 0.250779 0.01 0.01
0 0.495727 0.271504 0.01 0.01
0 0.502462 0.266582 0.01 0.01
0 0.521374 0.255701 0.01 0.01
0 0.523965 0.259069 0.01 0.01
0 0.514121 0.265804 0.01 0.01
0 0.512307 0.274613 0.01 0.01
0 0.521633 0.275908 0.01 0.01
0 0.531737 0.262437 0.01 0.01
0 0.537696 0.257773 0.01 0.01
0 0.536659 0.273058 0.01 0.01
0 0.551685 0.276685 0.01 0.01
0 0.554017 0.268654 0.01 0.01
0 0.559975 0.261400 0.01 0.01
0 0.588376 0.265804 0.01 0.01
0 0.588635 0.280312 0.01 0.01
0 0.580604 0.281608 0.01 0.01
0 0.603402 0.262437 0.01 0.01
0 0.607806 0.264509 0.01 0.01
0 0.589153 0.218136 0.01 0.01
0 0.594594 0.221504 0.01 0.01
0 0.600293 0.220727 0.01 0.01
0 0.610656 0.222022 0.01 0.01
0 0.617651 0.223576 0.01 0.01
0 0.614542 0.232126 0.01 0.01
0 0.610397 0.248188 0.01 0.01
0 0.615837 0.265027 0.01 0.01
0 0.606770 0.277981 0.01 0.01
0 0.598739 0.274872 0.01 0.01
0 0.597962 0.281348 0.01 0.01
0 0.608324 0.270727 0.01 0.01
0 0.612728 0.277203 0.01 0.01
0 0.615319 0.284716 0.01 0.01
0 0.625164 0.286530 0.01 0.01
0 0.625423 0.266841 0.01 0.01
0 0.619982 0.255183 0.01 0.01
0 0.621796 0.246893 0.01 0.01
0 0.629568 0.246374 0.01 0.01
0 0.623609 0.236271 0.01 0.01
0 0.632936 0.241193 0.01 0.01
0 0.636822 0.224354 0.01 0.01
0 0.623868 0.227722 0.01 0.01
0 0.644594 0.233162 0.01 0.01
0 0.650293 0.224613 0.01 0.01
0 0.640190 0.243784 0.01 0.01
0 0.643557 0.250001 0.01 0.01
0 0.639153 0.253369 0.01 0.01
0 0.638376 0.260105 0.01 0.01
0 0.638376 0.266323 0.01 0.01
0 0.636563 0.275131 0.01 0.01
0 0.647962 0.266582 0.01 0.01
0 0.654438 0.265027 0.01 0.01
0 0.651070 0.260882 0.01 0.01
0 0.654697 0.254665 0.01 0.01
0 0.657029 0.246374 0.01 0.01
0 0.665319 0.248965 0.01 0.01
0 0.661692 0.229276 0.01 0.01
0 0.666096 0.241193 0.01 0.01
0 0.666355 0.231089 0.01 0.01
0 0.675423 0.232644 0.01 0.01
0 0.675682 0.240157 0.01 0.01
0 0.686822 0.241452 0.01 0.01
0 0.683454 0.223058 0.01 0.01
0 0.694853 0.225390 0.01 0.01
0 0.659620 0.225390 0.01 0.01
0 0.672832 0.221245 0.01 0.01
0 0.677236 0.259587 0.01 0.01
0 0.671278 0.251038 0.01 0.01
0 0.679827 0.251297 0.01 0.01
0 0.669464 0.257773 0.01 0.01
0 0.662988 0.265545 0.01 0.01
0 0.656770 0.273317 0.01 0.01
0 0.665060 0.286530 0.01 0.01
0 0.652366 0.275131 0.01 0.01
0 0.657547 0.281348 0.01 0.01
0 0.677754 0.287566 0.01 0.01
0 0.667910 0.282903 0.01 0.01
0 0.684231 0.284198 0.01 0.01
0 0.672832 0.269172 0.01 0.01
0 0.692003 0.249483 0.01 0.01
0 0.693039 0.238861 0.01 0.01
0 0.716756 0.230312 0.01 0.01
0 0.720901 0.223576 0.01 0.01
0 0.712611 0.221763 0.01 0.01
0 0.705875 0.221245 0.01 0.01
0 0.706134 0.227981 0.01 0.01
0 0.746808 0.230571 0.01 0.01
0 0.747326 0.225649 0.01 0.01
0 0.756912 0.224872 0.01 0.01
0 0.757948 0.233680 0.01 0.01
0 0.747326 0.248447 0.01 0.01
0 0.740072 0.243007 0.01 0.01
0 0.754580 0.254405 0.01 0.01
0 0.757948 0.241711 0.01 0.01
0 0.738000 0.237566 0.01 0.01
0 0.770901 0.239380 0.01 0.01
0 0.764684 0.229794 0.01 0.01
0 0.764943 0.223836 0.01 0.01
0 0.775305 0.225390 0.01 0.01
0 0.775564 0.232385 0.01 0.01
0 0.781264 0.234716 0.01 0.01
0 0.783077 0.226426 0.01 0.01
0 0.787222 0.241193 0.01 0.01
0 0.801730 0.243525 0.01 0.01
0 0.799399 0.231608 0.01 0.01
0 0.790590 0.231608 0.01 0.01
0 0.796290 0.225908 0.01 0.01
0 0.792404 0.225649 0.01 0.01
0 0.809761 0.237307 0.01 0.01
0 0.803285 0.238084 0.01 0.01
0 0.812870 0.227722 0.01 0.01
0 0.803285 0.224613 0.01 0.01
0 0.813906 0.221504 0.01 0.01
0 0.821937 0.227981 0.01 0.01
0 0.813906 0.238861 0.01 0.01
0 0.823233 0.237825 0.01 0.01
0 0.828155 0.244820 0.01 0.01
0 0.832041 0.237566 0.01 0.01
0 0.839036 0.233939 0.01 0.01
0 0.841886 0.228499 0.01 0.01
0 0.828414 0.225908 0.01 0.01
0 0.778673 0.257773 0.01 0.01
0 0.771678 0.257255 0.01 0.01
0 0.788000 0.256219 0.01 0.01
0 0.796549 0.255960 0.01 0.01
0 0.784632 0.249224 0.01 0.01
0 0.778673 0.250260 0.01 0.01
0 0.778414 0.241452 0.01 0.01
0 0.802248 0.260623 0.01 0.01
0 0.796808 0.262178 0.01 0.01
0 0.811834 0.259587 0.01 0.01
0 0.806912 0.249742 0.01 0.01
0 0.820901 0.255442 0.01 0.01
0 0.798103 0.269690 0.01 0.01
0 0.790590 0.270468 0.01 0.01
0 0.783336 0.269690 0.01 0.01
0 0.775305 0.268136 0.01 0.01
0 0.775046 0.274613 0.01 0.01
0 0.765720 0.276426 0.01 0.01
0 0.760020 0.265286 0.01 0.01
0 0.754580 0.269431 0.01 0.01
0 0.743958 0.266323 0.01 0.01
0 0.739813 0.276167 0.01 0.01
0 0.717015 0.285494 0.01 0.01
0 0.725046 0.284457 0.01 0.01
0 0.732559 0.287566 0.01 0.01
0 0.739554 0.292229 0.01 0.01
0 0.748362 0.291711 0.01 0.01
0 0.748362 0.283421 0.01 0.01
0 0.757171 0.295079 0.01 0.01
0 0.766756 0.291970 0.01 0.01
0 0.762870 0.284716 0.01 0.01
0 0.775823 0.284975 0.01 0.01
0 0.778673 0.294561 0.01 0.01
0 0.780746 0.285753 0.01 0.01
0 0.789295 0.284975 0.01 0.01
0 0.792145 0.291452 0.01 0.01
0 0.801730 0.282644 0.01 0.01
0 0.786186 0.278758 0.01 0.01
0 0.800176 0.277462 0.01 0.01
0 0.807430 0.277462 0.01 0.01
0 0.807171 0.266841 0.01 0.01
0 0.848540 0.237566 0.01 0.01
0 0.847762 0.226426 0.01 0.01
0 0.841545 0.224354 0.01 0.01
0 0.828332 0.220727 0.01 0.01
0 0.868229 0.222540 0.01 0.01
0 0.862788 0.229017 0.01 0.01
0 0.858125 0.236789 0.01 0.01
0 0.854239 0.243007 0.01 0.01
0 0.841286 0.270986 0.01 0.01
0 0.836623 0.273317 0.01 0.01
0 0.852426 0.275390 0.01 0.01
0 0.842581 0.291970 0.01 0.01
0 0.857607 0.292488 0.01 0.01
0 0.866415 0.292488 0.01 0.01
0 0.862529 0.276944 0.01 0.01
0 0.872633 0.277462 0.01 0.01
0 0.883514 0.284198 0.01 0.01
0 0.882996 0.270468 0.01 0.01
0 0.887400 0.265027 0.01 0.01
0 0.891027 0.275131 0.01 0.01
0 0.894395 0.284975 0.01 0.01
0 0.904498 0.277981 0.01 0.01
0 0.892063 0.259328 0.01 0.01
0 0.892322 0.246633 0.01 0.01
0 0.887400 0.240416 0.01 0.01
0 0.876778 0.245856 0.01 0.01
0 0.884291 0.235494 0.01 0.01
0 0.880923 0.235753 0.01 0.01
0 0.889213 0.231089 0.01 0.01
0 0.893617 0.235753 0.01 0.01
0 0.898021 0.223058 0.01 0.01
0 0.898281 0.231608 0.01 0.01
0 0.904239 0.231348 0.01 0.01
0 0.907607 0.228758 0.01 0.01
0 0.905275 0.238861 0.01 0.01
0 0.911752 0.237825 0.01 0.01
0 0.904757 0.251815 0.01 0.01
0 0.899058 0.247152 0.01 0.01
0 0.916415 0.252851 0.01 0.01
0 0.915379 0.246633 0.01 0.01
0 0.920560 0.240416 0.01 0.01
0 0.918747 0.236789 0.01 0.01
0 0.915379 0.231089 0.01 0.01
0 0.915638 0.222799 0.01 0.01
0 0.910457 0.222281 0.01 0.01
0 0.923151 0.229535 0.01 0.01
0 0.924965 0.217877 0.01 0.01
0 0.927814 0.241970 0.01 0.01
0 0.930923 0.235753 0.01 0.01
0 0.935068 0.227981 0.01 0.01
0 0.935586 0.217618 0.01 0.01
0 0.942840 0.216064 0.01 0.01
0 0.930664 0.222022 0.01 0.01
0 0.922892 0.254665 0.01 0.01
0 0.908643 0.258551 0.01 0.01
0 0.899317 0.258292 0.01 0.01
0 0.895690 0.263473 0.01 0.01
0 0.902167 0.267618 0.01 0.01
0 0.911234 0.264768 0.01 0.01
0 0.920301 0.268654 0.01 0.01
0 0.905275 0.263732 0.01 0.01
0 0.913047 0.274872 0.01 0.01
0 0.903980 0.293266 0.01 0.01
0 0.927037 0.286012 0.01 0.01
0 0.920042 0.277462 0.01 0.01
0 0.928591 0.275131 0.01 0.01
0 0.930405 0.280830 0.01 0.01
0 0.933514 0.275908 0.01 0.01
0 0.940768 0.281348 0.01 0.01
0 0.951130 0.285494 0.01 0.01
0 0.934550 0.289380 0.01 0.01
0 0.959680 0.288602 0.01 0.01
0 0.952167 0.265286 0.01 0.01
0 0.943617 0.267359 0.01 0.01
0 0.941545 0.260882 0.01 0.01
0 0.930146 0.265027 0.01 0.01
0 0.940768 0.256219 0.01 0.01
0 0.938954 0.243266 0.01 0.01
0 0.941286 0.236789 0.01 0.01
0 0.945172 0.227981 0.01 0.01
0 0.949835 0.235753 0.01 0.01
0 0.952685 0.238602 0.01 0.01
0 0.950094 0.252074 0.01 0.01
0 0.960198 0.248706 0.01 0.01
0 0.961752 0.257773 0.01 0.01
0 0.970042 0.272799 0.01 0.01
0 0.975224 0.261141 0.01 0.01
0 0.978851 0.264768 0.01 0.01
0 0.972115 0.250001 0.01 0.01
0 0.964343 0.244820 0.01 0.01
0 0.976001 0.244302 0.01 0.01
0 0.979628 0.244561 0.01 0.01
0 0.965638 0.235494 0.01 0.01
0 0.960457 0.225390 0.01 0.01
0 0.954498 0.215545 0.01 0.01
0 0.952426 0.226167 0.01 0.01
0 0.963825 0.214509 0.01 0.01
0 0.971338 0.217877 0.01 0.01
0 0.977555 0.218395 0.01 0.01
0 0.982218 0.217100 0.01 0.01
0 0.998372 0.223058 0.01 0.01
0 1.000962 0.216064 0.01 0.01
0 0.994745 0.238084 0.01 0.01
0 0.983605 0.236530 0.01 0.01
0 0.975833 0.236012 0.01 0.01
0 0.992154 0.246115 0.01 0.01
0 0.999408 0.248188 0.01 0.01
0 1.008216 0.242747 0.01 0.01
0 1.010548 0.249742 0.01 0.01
0 0.991895 0.259069 0.01 0.01
0 0.985159 0.280053 0.01 0.01
0 0.978941 0.279276 0.01 0.01
0 0.995522 0.279017 0.01 0.01
0 1.002776 0.277722 0.01 0.01
0 1.001480 0.263214 0.01 0.01
0 1.015211 0.234975 0.01 0.01
0 1.013657 0.216841 0.01 0.01
0 1.023242 0.220209 0.01 0.01
0 1.027387 0.227203 0.01 0.01
0 1.020133 0.209069 0.01 0.01
0 1.011843 0.207514 0.01 0.01
0 1.031014 0.214768 0.01 0.01
0 1.039822 0.203887 0.01 0.01
0 1.047853 0.219431 0.01 0.01
0 1.059770 0.219172 0.01 0.01
0 1.056921 0.203887 0.01 0.01
0 1.013657 0.281089 0.01 0.01
0 1.024019 0.280571 0.01 0.01
0 1.036713 0.279794 0.01 0.01
0 1.045522 0.273836 0.01 0.01
0 1.058475 0.275390 0.01 0.01
0 1.058993 0.259587 0.01 0.01
0 1.061843 0.256219 0.01 0.01
0 1.067802 0.262696 0.01 0.01
0 1.069097 0.275908 0.01 0.01
0 1.074019 0.262178 0.01 0.01
0 1.080496 0.261141 0.01 0.01
0 1.086454 0.260623 0.01 0.01
0 1.079460 0.242747 0.01 0.01
0 1.070392 0.243266 0.01 0.01
0 1.071429 0.226944 0.01 0.01
0 1.078164 0.231608 0.01 0.01
0 1.083087 0.215027 0.01 0.01
0 1.085936 0.209069 0.01 0.01
0 1.073501 0.196374 0.01 0.01
0 1.093190 0.241452 0.01 0.01
0 1.089822 0.253369 0.01 0.01
0 1.099149 0.250779 0.01 0.01
0 1.092931 0.265027 0.01 0.01
0 1.083605 0.276167 0.01 0.01
0 1.074537 0.274613 0.01 0.01
0 1.102258 0.275390 0.01 0.01
0 1.102258 0.240675 0.01 0.01
0 1.097594 0.226944 0.01 0.01
0 1.103294 0.220209 0.01 0.01
0 1.097076 0.212696 0.01 0.01
0 1.096817 0.200519 0.01 0.01
0 1.089045 0.200001 0.01 0.01
0 1.015729 0.268913 0.01 0.01
0 1.010548 0.260882 0.01 0.01
0 1.035159 0.263732 0.01 0.01
0 1.112209 0.270209 0.01 0.01
0 1.117909 0.265286 0.01 0.01
0 1.119722 0.271245 0.01 0.01
0 1.127753 0.270727 0.01 0.01
0 1.130344 0.261659 0.01 0.01
0 1.110914 0.245079 0.01 0.01
0 1.112468 0.218136 0.01 0.01
0 1.117909 0.200779 0.01 0.01
0 1.107805 0.202851 0.01 0.01
0 1.111432 0.194043 0.01 0.01
0 1.123608 0.190416 0.01 0.01
0 1.126458 0.201815 0.01 0.01
0 1.123090 0.216841 0.01 0.01
0 1.130862 0.245856 0.01 0.01
0 1.124126 0.234975 0.01 0.01
0 1.115059 0.231089 0.01 0.01
0 1.144334 0.260882 0.01 0.01
0 1.139152 0.256219 0.01 0.01
0 1.152365 0.259069 0.01 0.01
0 1.142779 0.246893 0.01 0.01
0 1.144334 0.234198 0.01 0.01
0 1.134748 0.232644 0.01 0.01
0 1.152365 0.232903 0.01 0.01
0 1.151328 0.218395 0.01 0.01
0 1.144593 0.210364 0.01 0.01
0 1.136821 0.206478 0.01 0.01
0 1.141484 0.202592 0.01 0.01
0 1.134230 0.195856 0.01 0.01
0 1.144074 0.191711 0.01 0.01
0 1.149515 0.197670 0.01 0.01
0 1.152365 0.204146 0.01 0.01
0 1.159359 0.207773 0.01 0.01
0 1.161691 0.219690 0.01 0.01
0 1.162986 0.243007 0.01 0.01
0 1.157287 0.244561 0.01 0.01
0 1.172572 0.243525 0.01 0.01
0 1.176458 0.243007 0.01 0.01
0 1.172831 0.228758 0.01 0.01
0 1.179567 0.228240 0.01 0.01
0 1.177235 0.219950 0.01 0.01
0 1.179567 0.212178 0.01 0.01
0 1.170499 0.213473 0.01 0.01
0 1.165836 0.197411 0.01 0.01
0 1.159619 0.194820 0.01 0.01
0 1.178271 0.197152 0.01 0.01
0 1.175163 0.200779 0.01 0.01
0 1.183453 0.204924 0.01 0.01
0 1.189152 0.211918 0.01 0.01
0 1.187598 0.222799 0.01 0.01
0 1.192261 0.228758 0.01 0.01
0 1.198997 0.232126 0.01 0.01
0 1.194852 0.253628 0.01 0.01
0 1.200033 0.253110 0.01 0.01
0 1.168686 0.259846 0.01 0.01
0 1.171795 0.258551 0.01 0.01
0 1.181121 0.258810 0.01 0.01
0 1.215059 0.253110 0.01 0.01
0 1.216095 0.236271 0.01 0.01
0 1.204696 0.212696 0.01 0.01
0 1.212468 0.205183 0.01 0.01
0 1.197023 0.203887 0.01 0.01
0 1.202205 0.194302 0.01 0.01
0 1.198059 0.188861 0.01 0.01
0 1.188733 0.188861 0.01 0.01
0 1.180443 0.190934 0.01 0.01
0 1.221116 0.196893 0.01 0.01
0 1.216453 0.209587 0.01 0.01
0 1.211013 0.188861 0.01 0.01
0 1.207645 0.179794 0.01 0.01
0 1.191065 0.181608 0.01 0.01
0 1.172153 0.183680 0.01 0.01
0 1.154795 0.186530 0.01 0.01
0 1.182515 0.186530 0.01 0.01
0 1.186401 0.180571 0.01 0.01
0 1.163604 0.187307 0.01 0.01
0 1.177593 0.179794 0.01 0.01
0 1.234588 0.247152 0.01 0.01
0 1.222930 0.248965 0.01 0.01
0 1.246246 0.244043 0.01 0.01
0 1.254018 0.243007 0.01 0.01
0 1.243137 0.215545 0.01 0.01
0 1.236401 0.223058 0.01 0.01
0 1.223189 0.223836 0.01 0.01
0 1.235365 0.183680 0.01 0.01
0 1.223966 0.179794 0.01 0.01
0 1.242619 0.181089 0.01 0.01
0 1.248059 0.198447 0.01 0.01
0 1.254536 0.208032 0.01 0.01
0 1.252723 0.220209 0.01 0.01
0 1.264640 0.217877 0.01 0.01
0 1.266453 0.201815 0.01 0.01
0 1.279925 0.196115 0.01 0.01
0 1.271376 0.188343 0.01 0.01
0 1.264899 0.180053 0.01 0.01
0 1.249355 0.187825 0.01 0.01
0 1.247282 0.170209 0.01 0.01
0 1.258940 0.168913 0.01 0.01
0 1.272671 0.167618 0.01 0.01
0 1.285365 0.176944 0.01 0.01
0 1.287697 0.185235 0.01 0.01
0 1.291324 0.210364 0.01 0.01
0 1.277334 0.213473 0.01 0.01
0 1.263344 0.234198 0.01 0.01
0 1.272412 0.233162 0.01 0.01
0 1.280184 0.230830 0.01 0.01
0 1.290547 0.238861 0.01 0.01
0 1.289769 0.227722 0.01 0.01
0 1.303500 0.219690 0.01 0.01
0 1.313344 0.220986 0.01 0.01
0 1.314899 0.202074 0.01 0.01
0 1.307904 0.200779 0.01 0.01
0 1.299355 0.185753 0.01 0.01
0 1.297023 0.173576 0.01 0.01
0 1.287697 0.170727 0.01 0.01
0 1.278111 0.163214 0.01 0.01
0 1.305832 0.169690 0.01 0.01
0 1.311013 0.181608 0.01 0.01
0 1.322412 0.193007 0.01 0.01
0 1.323189 0.206478 0.01 0.01
0 1.326816 0.224095 0.01 0.01
0 1.334070 0.219690 0.01 0.01
0 1.334588 0.203369 0.01 0.01
0 1.333034 0.188343 0.01 0.01
0 1.324225 0.175649 0.01 0.01
0 1.317749 0.167877 0.01 0.01
0 1.309977 0.163473 0.01 0.01
0 1.305572 0.156996 0.01 0.01
0 1.301427 0.151297 0.01 0.01
0 1.291583 0.160882 0.01 0.01
0 1.325521 0.155960 0.01 0.01
0 1.315676 0.152851 0.01 0.01
0 1.300909 0.199742 0.01 0.01
0 1.340416 0.165545 0.01 0.01
0 1.333680 0.144302 0.01 0.01
0 1.360623 0.212178 0.01 0.01
0 1.354924 0.200260 0.01 0.01
0 1.356996 0.181608 0.01 0.01
0 1.372540 0.179017 0.01 0.01
0 1.362696 0.160364 0.01 0.01
0 1.350779 0.158292 0.01 0.01
0 1.345079 0.143266 0.01 0.01
0 1.363214 0.140157 0.01 0.01
0 1.373576 0.155183 0.01 0.01
0 1.389639 0.153628 0.01 0.01
0 1.378758 0.141711 0.01 0.01
0 1.393266 0.142747 0.01 0.01
0 1.391193 0.169690 0.01 0.01
0 1.406737 0.165545 0.01 0.01
0 1.420727 0.162437 0.01 0.01
0 1.418136 0.143784 0.01 0.01
0 1.401556 0.143784 0.01 0.01
0 1.432644 0.155183 0.01 0.01
0 1.425390 0.129794 0.01 0.01
0 1.384975 0.215286 0.01 0.01
0 1.394820 0.186789 0.01 0.01
0 1.400001 0.212178 0.01 0.01
0 1.416064 0.200779 0.01 0.01
0 1.425390 0.199224 0.01 0.01
0 1.438343 0.201297 0.01 0.01
0 1.437825 0.187307 0.01 0.01
0 1.454405 0.193007 0.01 0.01
0 1.465804 0.198188 0.01 0.01
0 1.460623 0.173836 0.01 0.01
0 1.451297 0.175390 0.01 0.01
0 1.476167 0.180053 0.01 0.01
0 1.483421 0.192488 0.01 0.01
0 1.496374 0.193525 0.01 0.01
0 1.489121 0.181608 0.01 0.01
0 1.501556 0.180053 0.01 0.01
0 1.480312 0.162437 0.01 0.01
0 1.473058 0.152592 0.01 0.01
0 1.463732 0.168136 0.01 0.01
0 1.454405 0.160882 0.01 0.01
0 1.464250 0.150001 0.01 0.01
0 1.462696 0.137048 0.01 0.01
0 1.453887 0.133939 0.01 0.01
0 1.451297 0.118913 0.01 0.01
0 1.466323 0.119950 0.01 0.01
0 1.479276 0.127722 0.01 0.01
0 1.494820 0.119431 0.01 0.01
0 1.487566 0.102333 0.01 0.01
0 1.504665 0.097670 0.01 0.01
0 1.509328 0.110105 0.01 0.01
0 1.491193 0.143266 0.01 0.01
0 1.491193 0.155701 0.01 0.01
0 1.508810 0.155183 0.01 0.01
0 1.515545 0.151038 0.01 0.01
0 1.515545 0.136530 0.01 0.01
0 1.501556 0.135494 0.01 0.01
0 1.515545 0.189898 0.01 0.01
0 1.526426 0.187825 0.01 0.01
0 1.540416 0.188343 0.01 0.01
0 1.532644 0.174354 0.01 0.01
0 1.547152 0.168136 0.01 0.01
0 1.541970 0.156737 0.01 0.01
0 1.537307 0.137566 0.01 0.01
0 1.536789 0.124095 0.01 0.01
0 1.525390 0.126167 0.01 0.01
0 1.536789 0.106996 0.01 0.01
0 1.528499 0.097670 0.01 0.01
0 1.551297 0.101297 0.01 0.01
0 1.550260 0.136012 0.01 0.01
0 1.563732 0.124613 0.01 0.01
0 1.566841 0.137048 0.01 0.01
0 1.564768 0.183162 0.01 0.01
0 1.579794 0.177981 0.01 0.01
0 1.568913 0.160364 0.01 0.01
0 1.557514 0.159846 0.01 0.01
0 1.592747 0.166582 0.01 0.01
0 1.589639 0.141711 0.01 0.01
0 1.587048 0.099483 0.01 0.01
0 1.581867 0.126426 0.01 0.01
0 1.554924 0.089639 0.01 0.01
0 1.570468 0.094820 0.01 0.01
